CREATE DATABASE  IF NOT EXISTS `MDB` /*!40100 DEFAULT CHARACTER SET utf8 */;
USE `MDB`;
-- MySQL dump 10.13  Distrib 5.6.19, for osx10.7 (i386)
--
-- Host: 127.0.0.1    Database: MDB
-- ------------------------------------------------------
-- Server version	5.6.20

/*!40101 SET @OLD_CHARACTER_SET_CLIENT=@@CHARACTER_SET_CLIENT */;
/*!40101 SET @OLD_CHARACTER_SET_RESULTS=@@CHARACTER_SET_RESULTS */;
/*!40101 SET @OLD_COLLATION_CONNECTION=@@COLLATION_CONNECTION */;
/*!40101 SET NAMES utf8 */;
/*!40103 SET @OLD_TIME_ZONE=@@TIME_ZONE */;
/*!40103 SET TIME_ZONE='+00:00' */;
/*!40014 SET @OLD_UNIQUE_CHECKS=@@UNIQUE_CHECKS, UNIQUE_CHECKS=0 */;
/*!40014 SET @OLD_FOREIGN_KEY_CHECKS=@@FOREIGN_KEY_CHECKS, FOREIGN_KEY_CHECKS=0 */;
/*!40101 SET @OLD_SQL_MODE=@@SQL_MODE, SQL_MODE='NO_AUTO_VALUE_ON_ZERO' */;
/*!40111 SET @OLD_SQL_NOTES=@@SQL_NOTES, SQL_NOTES=0 */;

--
-- Table structure for table `ATTRIBUTE`
--

DROP TABLE IF EXISTS `ATTRIBUTE`;
/*!40101 SET @saved_cs_client     = @@character_set_client */;
/*!40101 SET character_set_client = utf8 */;
CREATE TABLE `ATTRIBUTE` (
  `ATTR_GUID` varchar(32) NOT NULL COMMENT 'Extension GUID',
  `RELATION_ID` varchar(32) NOT NULL COMMENT 'Entity/Relationship/Role ID',
  `ATTR_NAME` varchar(45) NOT NULL COMMENT 'Attribute Technique Name. Which can also be uniquely identify the attribute under the entity/relationship.',
  `ATTR_DESC` varchar(256) DEFAULT NULL COMMENT 'Attribute description',
  `DATA_ELEMENT` varchar(45) DEFAULT NULL,
  `DATA_TYPE` int(4) DEFAULT NULL COMMENT 'The data type of the extension field:1: CHAR, 2: INT(4), 3: DOUBLE, 4: FLOAT, 5:STRING, 6:XSTRING, 7:BIN, 8:DATE, 9:TIMESTAMP, 10: Boolean, 11:Multi-Value',
  `DATA_LENGTH` int(4) DEFAULT NULL COMMENT 'The data length of the extension field',
  `DECIMAL` int(1) DEFAULT NULL,
  `ORDER` int(4) DEFAULT '0',
  `PRIMARY_KEY` tinyint(1) DEFAULT NULL,
  `AUTO_INCREMENT` tinyint(1) DEFAULT '0',
  PRIMARY KEY (`ATTR_GUID`),
  KEY `01` (`RELATION_ID`)
) ENGINE=InnoDB DEFAULT CHARSET=utf8 COMMENT='Extension Fields'' meta data.';
/*!40101 SET character_set_client = @saved_cs_client */;

--
-- Dumping data for table `ATTRIBUTE`
--

LOCK TABLES `ATTRIBUTE` WRITE;
/*!40000 ALTER TABLE `ATTRIBUTE` DISABLE KEYS */;
INSERT INTO `ATTRIBUTE` VALUES ('01530840E9A311E88B4283607937C195','r_test001','FIELD3',NULL,NULL,3,0,0,0,0,0),('02C2EE9D3CA229EAD8919007CC3858C','r_user','GIVEN_NAME','Given Name',NULL,1,64,NULL,4,NULL,0),('0812F1F6AC5C42078E1F66DD9F6F207E','r_role','CATEGORY','Role Category',NULL,1,10,NULL,0,0,0),('08C673D0F62011E8B99C1531A821C45B','mtestEntity2','FIELD2','Description2','',1,40,NULL,0,0,0),('10F62E043562EC6E2373E743F606EB2F','person','HOBBY','Hobbies',NULL,1,60,NULL,3,NULL,0),('13976E0B39AEBAFBDC35764518DB72D9','person','HEIGHT','Hieght',NULL,2,NULL,NULL,2,NULL,0),('1E799990F61211E8B99C1531A821C45B','r_mtest02','FIELD1','Description 1','',1,10,NULL,0,1,0),('1E799991F61211E8B99C1531A821C45B','r_mtest02','FIELD2','Description 2','',7,NULL,NULL,0,0,0),('215398FA901E8696BD093A0E9CBA2C7C','r_address','ADDRESS_ID','Address ID',NULL,2,NULL,NULL,1,1,1),('238549CD9FDA471EBF1FA98CE9E9A702','blog','AUTHOR','Blog Author',NULL,1,64,NULL,1,NULL,0),('24FE9C00E9AD11E8B810DBD032F0ADE0','r_test001','FIELD3',NULL,NULL,3,0,0,0,0,0),('25BC9B60F60F11E8B99C1531A821C45B','r_mtest01','FIELD1','Description 1','',2,NULL,NULL,0,1,1),('25BCC270F60F11E8B99C1531A821C45B','r_mtest01','FIELD2','Description 2','',1,20,NULL,0,0,0),('29480F10F67841EB82CDD06920DB4DFA','r_role','TYPE','Role Type',NULL,1,10,NULL,0,0,0),('2E7EA592975E45999B396B59A9E00D4E','r_role','LONG_DESC','Role Long Description',NULL,1,512,NULL,0,0,0),('3274AD10F61A11E8B99C1531A821C45B','mtestEntity','FIELD1','Description 1','',1,20,NULL,0,0,0),('33976E0B39AEBAFBDC35764518DB72D9','r_test001','FIELD3',NULL,NULL,3,0,2,0,0,0),('378658E8863842AE9CA1DCB448EF6B36','r_role','DESCRIPTION','Description',NULL,1,128,NULL,0,0,0),('37C7C8C24EBDB3A725FC7D6CF719A06E','r_personalization','DATE_FORMAT','Date Format',NULL,1,60,NULL,5,0,0),('46075A50FB07A981E65E9FAE4BEC1358','r_company','COMPANY_DESC',NULL,NULL,1,256,NULL,0,NULL,0),('481ABC9C1697A4CD9A5AA00C6AF5EDD5','blog_c','SUBMIT_TIME',NULL,NULL,4,NULL,NULL,0,NULL,0),('4F67CEB6E97059D2E59614734EA80D12','r_email','PRIMARY','Is the primary email',NULL,3,NULL,NULL,3,0,0),('50B8AD3E3460A8AD3A881490CAE1935D','r_user','PWD_STATE','Password State',NULL,2,NULL,NULL,9,NULL,0),('5299ED5694B542DF9FBC9EBDF19D3D15','blog','ID','Blog ID',NULL,2,NULL,NULL,2,NULL,0),('54D87DCF56604EE0B94D736E89A51F68','blog','NUM_READS','Number of Reads',NULL,2,NULL,NULL,3,NULL,0),('5EC22219F4E45746BFCDE76256FD6160','r_employee','COMPANY_ID','Company',NULL,1,20,NULL,4,0,0),('60BD24C5AC9E441E517E2D1D39B66489','blog_c','COMMENT',NULL,NULL,1,256,NULL,0,NULL,0),('61A8BB8A405E4C83A779928AB6A9A468','r_role','NAME','Role Name',NULL,1,64,NULL,0,1,0),('6536A71833B54CBE9EF0A95938E9CFC0','blog','PUBLISHED','Is Published',NULL,3,NULL,NULL,4,NULL,0),('663D6B50ECBF11E897584F49F7BDB2B2','r_testRelation','FIELD1','Description of FIELD1','',2,NULL,NULL,0,1,1),('663D6B51ECBF11E897584F49F7BDB2B2','r_testRelation','FIELD2','Description of FIELD2','',1,40,NULL,0,0,0),('6C357AF2BE7B3FC9D4EB39424D2F541B','person','GENDER','Gender',NULL,1,10,NULL,1,NULL,0),('6E61D5C8DEEEFD29D1117C6735B32082','blog_c','IP_ADDRESS',NULL,NULL,1,15,NULL,0,NULL,0),('6EA9A83FA267F82EBE1B381D56A3F312','r_personalization','TIMEZONE','Timezone',NULL,1,10,NULL,4,0,0),('6FE183B97FC0E7578051EBDB9EF5D5A4','r_address','ADDRESS_VALUE','Address',NULL,1,256,NULL,3,0,0),('75459020E9AC11E8B2AF4D0EDD25B2C8','r_test001','FIELD3',NULL,NULL,3,0,0,0,0,0),('793A63D8DEA43B5BF88EE7BAF02757C4','r_user','USER_NAME','User Name',NULL,1,64,NULL,2,NULL,0),('7B1EB846E932AD839D4ECE7462AD7F3D','r_address','POSTCODE','Postcode',NULL,2,NULL,NULL,4,0,0),('82FE8C179A3D832C12AD332044558575','r_user','PASSWORD','Login Password',NULL,1,64,NULL,8,NULL,0),('849D0D50634137D6E9F9D6F153C67627','r_employee','DEPARTMENT_ID','Department',NULL,1,20,NULL,5,0,0),('8549B2388F8C3E6381CA15043EC4CFAE','r_email','EMAIL','Email',NULL,1,128,NULL,1,1,0),('874DE1A0CF38C6C4B740E2B68F1E43F6','r_email','TYPE','Email Type',NULL,1,45,NULL,2,0,0),('8B7E439841BC1C43238B68C5B05C5051','r_company','COMPANY_ID',NULL,NULL,1,20,NULL,0,1,0),('90D418F172B221C71D62598C119E97D5','r_user','MIDDLE_NAME','Middle Name',NULL,1,64,NULL,5,NULL,0),('929116D53BF779DB2E0AC487971773D4','r_address','TYPE','Address Type',NULL,1,45,NULL,2,0,0),('930EF6C283C8679EE43B291EA5C1A76C','r_address','CITY','City',NULL,1,45,NULL,5,0,0),('93CB473FC2C6D2E32BFE5E60E603934D','r_address','COUNTRY','Country',NULL,1,45,NULL,6,0,0),('9718C0E8783C1F86EC212C8436A958C5','r_personalization','DECIMAL_FORMAT','Decimial Format',NULL,1,60,NULL,3,0,0),('99B95A18333541319DAD743F7FB9BFD1','blog','PUBLISH_TIME','Publish Time',NULL,8,NULL,NULL,5,NULL,0),('9AB0CF119EF2D8CEBBBFA0320CACADD6','r_user','LOCK','User is locked',NULL,2,NULL,NULL,7,NULL,0),('A0C6A5E0E9AC11E8886E517D903B4CD4','r_test001','FIELD3',NULL,NULL,3,0,0,0,0,0),('A637AD08C5E8A89445982B15C7D83459','rs_user_role','SYNCED',NULL,NULL,10,NULL,NULL,1,NULL,0),('A9223C40E9AC11E88512858CAC8DC978','r_test001','FIELD3',NULL,NULL,3,0,0,0,0,0),('AB16FF7FA38C46B1B2F9F55A3380FAC5','blog','TITLE','Blog Title',NULL,1,128,NULL,6,NULL,0),('B451CB90F6D011E88A0AB1CA91FA338B','r_comment','COMMENT','Comment Content','',1,256,NULL,0,0,0),('B451F2A0F6D011E88A0AB1CA91FA338B','r_comment','IP_ADDRESS','IP Address of the Commenter','',1,15,NULL,0,0,0),('B451F2A1F6D011E88A0AB1CA91FA338B','r_comment','USER','Commenter ID','',1,64,NULL,0,0,0),('B451F2A2F6D011E88A0AB1CA91FA338B','r_comment','SECTION_ID','Section ID','',1,10,NULL,0,0,0),('B451F2A3F6D011E88A0AB1CA91FA338B','r_comment','SUBMIT_TIME','Comment Submission Time ','',8,NULL,NULL,0,0,0),('B4FEB170E9AB11E8A19CAD4641175046','r_test001','FIELD3',NULL,NULL,3,0,0,0,0,0),('B59B1D2C744E031100DF2E5A86575C43','blog_c','USER',NULL,NULL,1,64,NULL,0,NULL,0),('B829F4E362527EAEA77A1316ED354BEA','r_address','PRIMARY','Is primary address',NULL,3,NULL,NULL,7,0,0),('BA7C6ED0F6E911E8BA6405D0C7818287','r_comment','COMMENT_GUID','Comment GUID','',1,32,NULL,0,1,0),('D64809E480B5958454AF5CD8C40B014F','r_employee','USER_ID','User ID',NULL,1,10,NULL,1,1,0),('D84D9A544984A20BCF0BAD59977277E8','r_user','USER_ID','User ID',NULL,1,10,NULL,1,1,0),('D8CDF1E5208AF30FE47D272DA304DE71','r_personalization','LANGUAGE','Perferred Language',NULL,1,6,NULL,2,0,0),('DB3D668D338E076626061456992F60DB','r_user','DISPLAY_NAME','Display Name',NULL,1,128,NULL,3,NULL,0),('E0392472ABB6DB7FDB5FFC92B5DC7A29','r_user','FAMILY_NAME','Family Name',NULL,1,64,NULL,6,NULL,0),('E49BF959EF2B47CE8E6820F648C7468D','blog','ABSTRACT','Blog Abstract',NULL,1,256,NULL,7,NULL,0),('E5016EE79DC1B36DAAA9027173674BB4','r_employee','TITLE','Title',NULL,1,64,NULL,2,0,0),('E6FF69F311DCE5E6328029FB932F20E3','r_employee','GENDER','Gender',NULL,1,10,NULL,3,0,0),('E801A3631E3C43E128F397AF9B7174CF','person','FINGER_PRINT','Finger Print',NULL,1,60,NULL,4,NULL,0),('EA704B40F62911E8AF01C9C3ADAFA497','rs_mtest01','FIELD1','Description 1','',1,40,NULL,0,0,0),('EAD0E0F1E4E147A99DA2FA1F9CB24FA3','blog','NAME','Blog Name',NULL,1,64,NULL,8,NULL,0),('ED15E1F3DB7F1B011871CEAC628CF06C','r_personalization','USER_ID','User ID',NULL,1,10,NULL,1,1,0),('F738955296FF60A2B57B42ED496773B0','blog_c','SECTION_ID',NULL,NULL,1,10,NULL,0,NULL,0);
/*!40000 ALTER TABLE `ATTRIBUTE` ENABLE KEYS */;
UNLOCK TABLES;

--
-- Table structure for table `ATTRIBUTE_VERSION`
--

DROP TABLE IF EXISTS `ATTRIBUTE_VERSION`;
/*!40101 SET @saved_cs_client     = @@character_set_client */;
/*!40101 SET character_set_client = utf8 */;
CREATE TABLE `ATTRIBUTE_VERSION` (
  `TENANT_DOMAIN` varchar(63) NOT NULL,
  `ER_ID` varchar(45) NOT NULL,
  `VERSION_NO` int(11) NOT NULL,
  `ATTR_GUID` varchar(32) NOT NULL COMMENT 'Extension GUID',
  `DATA_TYPE` int(11) DEFAULT NULL COMMENT 'The data type of the extension field',
  `DATA_LENGTH` int(11) DEFAULT NULL COMMENT 'The data length of the extension field',
  `SEARCHABLE` tinyint(1) DEFAULT NULL COMMENT 'If true, an index table will be created to make the field searchable.',
  `NOT_NULL` tinyint(1) DEFAULT NULL,
  `UNIQUE` tinyint(1) DEFAULT NULL,
  `DEFAULT` varchar(256) DEFAULT NULL COMMENT 'Default Value',
  `FINALIZE` tinyint(1) DEFAULT NULL COMMENT 'The extension field is finalized and can''t be changed',
  PRIMARY KEY (`TENANT_DOMAIN`,`ER_ID`,`VERSION_NO`,`ATTR_GUID`)
) ENGINE=InnoDB DEFAULT CHARSET=utf8 COMMENT='Extension Fields'' meta data.';
/*!40101 SET character_set_client = @saved_cs_client */;

--
-- Dumping data for table `ATTRIBUTE_VERSION`
--

LOCK TABLES `ATTRIBUTE_VERSION` WRITE;
/*!40000 ALTER TABLE `ATTRIBUTE_VERSION` DISABLE KEYS */;
/*!40000 ALTER TABLE `ATTRIBUTE_VERSION` ENABLE KEYS */;
UNLOCK TABLES;

--
-- Table structure for table `ENTITY`
--

DROP TABLE IF EXISTS `ENTITY`;
/*!40101 SET @saved_cs_client     = @@character_set_client */;
/*!40101 SET character_set_client = utf8 */;
CREATE TABLE `ENTITY` (
  `ENTITY_ID` varchar(32) NOT NULL,
  `ENTITY_DESC` varchar(256) DEFAULT NULL,
  `VERSION_NO` int(11) DEFAULT NULL,
  `CREATE_BY` varchar(32) DEFAULT NULL,
  `CREATE_TIME` datetime DEFAULT NULL,
  `LAST_CHANGE_BY` varchar(32) DEFAULT NULL,
  `LAST_CHANGE_TIME` datetime DEFAULT NULL,
  PRIMARY KEY (`ENTITY_ID`)
) ENGINE=InnoDB DEFAULT CHARSET=utf8 COMMENT='Entity Defination';
/*!40101 SET character_set_client = @saved_cs_client */;

--
-- Dumping data for table `ENTITY`
--

LOCK TABLES `ENTITY` WRITE;
/*!40000 ALTER TABLE `ENTITY` DISABLE KEYS */;
INSERT INTO `ENTITY` VALUES ('blog','DarkHouse Blogs',3,'DH001','2018-08-08 12:00:00','DH001','2018-12-16 20:19:14'),('mtestEntity','Manual Test Entity1',2,'DH001','2018-12-02 18:08:21','DH001','2018-12-09 18:43:08'),('mtestEntity2','Manual Test Entity2',1,'DH001','2018-12-02 18:50:08','DH001','2018-12-02 18:50:08'),('person','People Entity',7,'DH001','2018-08-08 12:00:00','DH001','2018-12-11 20:09:12'),('system_role','System Roles',1,'DH001','2018-08-08 12:00:00','DH001','2018-08-08 12:00:00');
/*!40000 ALTER TABLE `ENTITY` ENABLE KEYS */;
UNLOCK TABLES;

--
-- Table structure for table `ENTITY_INSTANCES`
--

DROP TABLE IF EXISTS `ENTITY_INSTANCES`;
/*!40101 SET @saved_cs_client     = @@character_set_client */;
/*!40101 SET character_set_client = utf8 */;
CREATE TABLE `ENTITY_INSTANCES` (
  `ENTITY_ID` varchar(45) NOT NULL,
  `INSTANCE_GUID` varchar(32) NOT NULL COMMENT 'Record Guid',
  `DEL` tinyint(1) DEFAULT NULL COMMENT 'Deletion Flag',
  `CHANGE_NO` int(11) DEFAULT NULL,
  PRIMARY KEY (`ENTITY_ID`,`INSTANCE_GUID`),
  KEY `01` (`INSTANCE_GUID`)
) ENGINE=InnoDB DEFAULT CHARSET=utf8;
/*!40101 SET character_set_client = @saved_cs_client */;

--
-- Dumping data for table `ENTITY_INSTANCES`
--

LOCK TABLES `ENTITY_INSTANCES` WRITE;
/*!40000 ALTER TABLE `ENTITY_INSTANCES` DISABLE KEYS */;
INSERT INTO `ENTITY_INSTANCES` VALUES ('blog','045BDD10779111E480CA0FE6F781342E',0,1),('blog','0D1A10206E6D11E4AB0AEF641C444556',1,1),('blog','457EC191CAD411E4B1DF1BCB230FDE71',1,1),('blog','45A036D0CAD511E4A5A0FFC9494713C8',1,1),('blog','4C34BC40730611E4BFD079EF5BB617D3',1,1),('blog','5AB96790721411E4BB4BDF940F0717E9',1,1),('blog','5EE0E7C0CAD511E495A27F461C67FEEA',1,1),('blog','64D44D31CAD411E49057ADAD973C829A',1,1),('blog','6F484A70F16F11E4ADBB3D6DE2A014D5',0,1),('blog','7E615950757511E4A9246D06B7949BB3',1,1),('blog','871252C0CAD411E4886A218E8A47B87A',1,1),('blog','8819B6F073BC11E4B22DCD14AD72434C',1,1),('blog','8C9E9E90721611E4BB4BDF940F0717E9',1,1),('blog','8F9342F0721511E4BB4BDF940F0717E9',1,1),('blog','90253750623E11E485C9E9300C5B65CF',0,1),('blog','96252EA06E6C11E4AB0AEF641C444556',1,1),('blog','9C212A0085ED11E487DF61A235EE544C',0,1),('blog','A015F230721511E4BB4BDF940F0717E9',1,1),('blog','AA18E490623E11E485C9E9300C5B65CF',0,1),('blog','B214CD31CAD511E4AEDA5DCCF11B56E4',1,1),('blog','B80543F0721511E4BB4BDF940F0717E9',1,1),('blog','C04911C0B3EE11E4B736F5F74BE2BA3D',0,1),('blog','D0338480757811E4A2F39559567F9248',1,1),('blog','DF933500779011E480CA0FE6F781342E',0,1),('blog','E000ACB095B411E49C0889967E3DEFD6',0,1),('blog','E18161F0721511E4BB4BDF940F0717E9',1,1),('blog','E652F2406E6711E4AB0AEF641C444556',1,1),('blog','FE7645E0E9E711E6B33BEB9E97AD1121',1,1),('blog_c','002DF130CF7D11E482CA674623ED2E5F',0,1),('blog_c','01610320D16311E4A1A15749592BDF30',0,1),('blog_c','044EB2B0CD7D11E4893D232DA720A0C0',0,1),('blog_c','051007E0CD7211E48774838AE2DBA458',0,1),('blog_c','06EA8DC0D16311E4A1A15749592BDF30',0,1),('blog_c','08971A60D16511E4B181BDAC6DCE62D6',0,1),('blog_c','090B7441CD7911E4853FC747A5D85C7A',0,1),('blog_c','0912E090CD7411E48C4EB18DFA5F06D4',0,1),('blog_c','0913F200CD7411E48C4EB18DFA5F06D4',0,1),('blog_c','0AA64B50D16511E4B181BDAC6DCE62D6',0,1),('blog_c','0F267C40D16511E4B181BDAC6DCE62D6',0,1),('blog_c','1106CA70D16411E4B181BDAC6DCE62D6',0,1),('blog_c','124CFEB0D16711E4B181BDAC6DCE62D6',0,1),('blog_c','19000110D15A11E486EBED7F9BF58BEF',0,1),('blog_c','19722950CD7411E4B688E7D7CEC56562',0,1),('blog_c','197388E0CD7411E4B688E7D7CEC56562',0,1),('blog_c','1FEC5330D15E11E4816891523278567C',0,1),('blog_c','208969C0CD7D11E4BF5FC9528E08494F',0,1),('blog_c','20B86AE0D16011E499F55B784C97896C',0,1),('blog_c','22848DA0CF1611E4BDF64FA38910341E',1,1),('blog_c','228AF641CF1611E4BDF64FA38910341E',0,1),('blog_c','2645BA80D16A11E4B181BDAC6DCE62D6',0,1),('blog_c','2C39FFC0D16811E4B181BDAC6DCE62D6',0,1),('blog_c','2ED04420CF7D11E482CA674623ED2E5F',1,1),('blog_c','30DA89F0D16811E4B181BDAC6DCE62D6',0,1),('blog_c','3130A710CD7411E4B2FAEB0D340FE6A0',0,1),('blog_c','3131B880CD7411E4B2FAEB0D340FE6A0',0,1),('blog_c','31753260D15F11E499F55B784C97896C',0,1),('blog_c','32256A80CD7811E49188174F34676093',0,1),('blog_c','38A8E000D15E11E4B62B856C8FA320A7',0,1),('blog_c','3A612A90CD7D11E493B39FE7180A063B',0,1),('blog_c','3E27B610CF0A11E4A990C9E14B8DC73D',0,1),('blog_c','3EDBA950D16611E4B181BDAC6DCE62D6',0,1),('blog_c','3F8379F0D5B711E4A182EB193BBD3E7D',0,1),('blog_c','4007AFE1CD7911E48D858D310228F35A',0,1),('blog_c','43377440D16411E4B181BDAC6DCE62D6',0,1),('blog_c','48EAACE0CF7511E491B2A1EC90A515CB',1,1),('blog_c','4A418BF0CF1511E4BBE4CF64410BB8BA',1,1),('blog_c','4A470A31CF1511E4BBE4CF64410BB8BA',0,1),('blog_c','4A59FF70CD7411E4B2147757BC837EA6',0,1),('blog_c','4A5AE9D0CD7411E4B2147757BC837EA6',0,1),('blog_c','4B911450CD7E11E4B9F8EB448085C13B',1,1),('blog_c','4D4DACC0CF1011E4AD60AF5E01484D2E',1,1),('blog_c','542D93E0D16611E4B181BDAC6DCE62D6',0,1),('blog_c','54EBF240CD7E11E4AD9CCFBE5410D584',1,1),('blog_c','54FCCC80CF7E11E485BBEB1BEB6F1B3B',1,1),('blog_c','55E84060D15F11E499F55B784C97896C',0,1),('blog_c','56519D30CF7511E498296FE1870A20D5',1,1),('blog_c','5BF70E50D16411E4B181BDAC6DCE62D6',0,1),('blog_c','5DC890A0CF0C11E4ADEFE582F149BD0B',1,1),('blog_c','5E2F9E10D04411E48119E580EDBEC24F',1,1),('blog_c','5EB20761CD7911E4A16303BF07B4A127',0,1),('blog_c','5F0EBFA1CD7411E4866EAFAED945121A',0,1),('blog_c','5F7EAB40D16011E499F55B784C97896C',0,1),('blog_c','602E7670D16411E4B181BDAC6DCE62D6',0,1),('blog_c','61043490CFC511E48799995CB05B9A7F',1,1),('blog_c','613114903ABB11E59FAC77B696D1304F',1,1),('blog_c','613B26B13ABB11E59FAC77B696D1304F',0,1),('blog_c','61672C40D15E11E4A4D497C5BA126531',0,1),('blog_c','6420A0C0CF0A11E4A2FAB353707BEB91',0,1),('blog_c','64CDCE10CF7511E4BD4E4D1E887C7500',1,1),('blog_c','67946B50CF7911E482CA674623ED2E5F',0,1),('blog_c','67CD12A0CD7811E4805E49081EB621EC',0,1),('blog_c','69DD4F80D15E11E4B5B3DD5C60BE0DF5',0,1),('blog_c','6D0BA340CF7511E4A8E4052C95EC1745',1,1),('blog_c','6E120640D16311E49801A3A4AE734C90',0,1),('blog_c','6F4044D1CD7811E493A889C794979374',0,1),('blog_c','70C0BC00CF7511E4B51813823BB90534',1,1),('blog_c','717EDE80CF0A11E4B8D937927984CF5D',0,1),('blog_c','72DEA220D16611E4B181BDAC6DCE62D6',0,1),('blog_c','73E2DA70D16011E499F55B784C97896C',0,1),('blog_c','762B4610CE3A11E49498D14B51EF6258',1,1),('blog_c','76307631CE3A11E49498D14B51EF6258',0,1),('blog_c','782C50C0CE3B11E4A4721101377D40E1',1,1),('blog_c','782FFA41CE3B11E4A4721101377D40E1',0,1),('blog_c','7CCFCCA0D16611E4B181BDAC6DCE62D6',0,1),('blog_c','83B223F0CF0A11E4B6DCD50DFB156F17',1,1),('blog_c','84890CB0D15F11E499F55B784C97896C',0,1),('blog_c','84E2E2A0D04511E4AB3C5B24B0CD5666',0,1),('blog_c','863581C0CF7E11E485BBEB1BEB6F1B3B',1,1),('blog_c','86FDB960D16311E48A7FB95DA59E6670',0,1),('blog_c','8927C980D15C11E4B3239F7B7DCC11F2',1,1),('blog_c','8B8B34F0D15C11E4B3239F7B7DCC11F2',1,1),('blog_c','8B8B53C0CD7111E4B44A1724542E32D6',0,1),('blog_c','921ED530D15F11E499F55B784C97896C',0,1),('blog_c','95D3D3B0CE3A11E4BCB13B9DF7AD03F1',1,1),('blog_c','95D72F11CE3A11E4BCB13B9DF7AD03F1',0,1),('blog_c','966766F0D04411E48119E580EDBEC24F',0,1),('blog_c','98D02E50CE3B11E4A786555EC35E36B4',1,1),('blog_c','98D3D7D1CE3B11E4A786555EC35E36B4',0,1),('blog_c','99CEE770CD7C11E4AAB5E165BD0BAE95',0,1),('blog_c','A313F9B0CF0C11E4B668F121CA749C4F',1,1),('blog_c','A6471DC0D16811E4B181BDAC6DCE62D6',0,1),('blog_c','A6B5CCD0D16211E4A1A15749592BDF30',0,1),('blog_c','A8AD26A0CF0A11E4B3AEB9B7563B4FC0',1,1),('blog_c','ABB0BE20CF1411E4AC8EAFEEFBDD90E7',1,1),('blog_c','ABB92291CF1411E4AC8EAFEEFBDD90E7',0,1),('blog_c','AD35E940D15E11E4B3239F7B7DCC11F2',0,1),('blog_c','AE000520D16011E499F55B784C97896C',0,1),('blog_c','AF099230CF7911E482CA674623ED2E5F',0,1),('blog_c','B1461CC0D5B011E494CA61E91F024143',0,1),('blog_c','BB133FA0CF7D11E482CA674623ED2E5F',1,1),('blog_c','BC1F7BC0CF0A11E4AB632DCC1B530096',1,1),('blog_c','BEC306D0D16211E4A1A15749592BDF30',0,1),('blog_c','C2285510D16611E4B181BDAC6DCE62D6',0,1),('blog_c','C4EA4E70D21A11E4B181BDAC6DCE62D6',0,1),('blog_c','CC3073F0E9C711E6853B917BEA847AFB',1,1),('blog_c','CC569990E9C711E6853B917BEA847AFB',0,1),('blog_c','D1F8F4A0E9CD11E686E88177B070BA5B',1,1),('blog_c','D212E540E9CD11E686E88177B070BA5B',0,1),('blog_c','D392E6C0CF0A11E4BAEAC78A3A1F29DC',1,1),('blog_c','D5D14430D15E11E499F55B784C97896C',0,1),('blog_c','DD7B99B0D16311E4B181BDAC6DCE62D6',0,1),('blog_c','DDD662F0CE3911E48ED8AB04245CA3F9',1,1),('blog_c','DDD9E561CE3911E48ED8AB04245CA3F9',0,1),('blog_c','DF1257A0436411E58A735FF1D7B60553',1,1),('blog_c','DF19F8C1436411E58A735FF1D7B60553',0,1),('blog_c','E3007C80CF0A11E4B5E991FF153AFABD',1,1),('blog_c','E31B71F0CD7211E4A29B37A1A83C0FA8',0,1),('blog_c','E5AC7DF0D16011E499F55B784C97896C',0,1),('blog_c','E7C7DBC0D5B111E494CA61E91F024143',0,1),('blog_c','E8FF6D10CD7C11E4AE0A2D9BDEE68693',0,1),('blog_c','E96F7960D16011E499F55B784C97896C',0,1),('blog_c','EA11C410CFC411E485BBEB1BEB6F1B3B',1,1),('blog_c','EB3E1F10CF1411E4B2940144A215E381',1,1),('blog_c','EB454B01CF1411E4B2940144A215E381',0,1),('blog_c','EDDB1740D16811E4B181BDAC6DCE62D6',0,1),('blog_c','F1C34790D16011E499F55B784C97896C',0,1),('blog_c','F20BA180D22C11E4B181BDAC6DCE62D6',0,1),('blog_c','F21696D0CD7211E4B498ED84D2A4EBC6',0,1),('mtestEntity','114A5F00F6AA11E8BB091B5EA31165A2',0,1),('mtestEntity2','57750F10F6AB11E8BB091B5EA31165A2',0,1),('person','1A4EB21F9CE0B3236F61EDBB57BC9738',0,1),('person','2FBE7490E10F11E8A90957FA46F2CECA',0,1),('person','430C8BB0E1C611E8877F9D5C9668A7A3',0,1),('person','EB5658E0E10911E8B743BDBC73B06EDF',1,1),('system_role','466E8EF0012111E985BC9505494F6FA7',0,1),('system_role','4E1760A000E011E99661DDEF647C9347',0,1),('system_role','5F50DE92743683E1ED7F964E5B9F6167',0,1),('system_role','F0EF0C4174A883BF639E2EB0C8735239',0,1),('system_role','F66BEAE000E111E98F7FCBD7CE013F34',0,1),('system_role','F914BC7E2BD65D42A0B17FBEAD8E1AF2',0,1),('system_role','FE4F278000E211E9A3B973A1C93CBFFC',0,1),('system_role','FE5008B0012011E985BC9505494F6FA7',0,1),('user','21FF7AE0CD7011E4981899FCDB4C29BC',0,1),('user','2DC36990CD7011E4BFCBF71B8996D687',0,1),('user','331321BE893BAD23BCE7D4CCB157D5AD',0,1),('user','642E38AF1F3E184B5182F707E8C0FD00',0,1),('user','65451011E9ADD168718EEA917EFBFB81',0,1),('user','7FD22560CD6F11E483264D84524F730D',0,1),('user','B13F5820CD6F11E4ACED61CD9852248B',0,1),('user','CE781E40CD6F11E4B3D191641ECE6F2E',0,1),('user','D0BDC880CD6F11E48B16A72AD2357D7B',0,1),('user','DB6DAFD80D66D60E486B593AF92A6F2B',0,1),('user','ECAF3700CD6E11E490C45DA8A552F8B7',0,1);
/*!40000 ALTER TABLE `ENTITY_INSTANCES` ENABLE KEYS */;
UNLOCK TABLES;

--
-- Table structure for table `ENTITY_ROLES`
--

DROP TABLE IF EXISTS `ENTITY_ROLES`;
/*!40101 SET @saved_cs_client     = @@character_set_client */;
/*!40101 SET character_set_client = utf8 */;
CREATE TABLE `ENTITY_ROLES` (
  `ENTITY_ID` varchar(32) NOT NULL,
  `ROLE_ID` varchar(45) NOT NULL,
  PRIMARY KEY (`ENTITY_ID`,`ROLE_ID`)
) ENGINE=InnoDB DEFAULT CHARSET=utf8;
/*!40101 SET character_set_client = @saved_cs_client */;

--
-- Dumping data for table `ENTITY_ROLES`
--

LOCK TABLES `ENTITY_ROLES` WRITE;
/*!40000 ALTER TABLE `ENTITY_ROLES` DISABLE KEYS */;
INSERT INTO `ENTITY_ROLES` VALUES ('blog','allowComment'),('mtestEntity','mtestRole01'),('mtestEntity2','mtestRole02'),('person','employee'),('person','husband'),('person','system_user'),('person','wife'),('system_role','system_role');
/*!40000 ALTER TABLE `ENTITY_ROLES` ENABLE KEYS */;
UNLOCK TABLES;

--
-- Table structure for table `RELATION`
--

DROP TABLE IF EXISTS `RELATION`;
/*!40101 SET @saved_cs_client     = @@character_set_client */;
/*!40101 SET character_set_client = utf8 */;
CREATE TABLE `RELATION` (
  `RELATION_ID` varchar(32) NOT NULL,
  `RELATION_DESC` varchar(256) DEFAULT NULL,
  `VERSION_NO` int(11) DEFAULT NULL,
  `CREATE_BY` varchar(32) DEFAULT NULL,
  `CREATE_TIME` datetime DEFAULT NULL,
  `LAST_CHANGE_BY` varchar(32) DEFAULT NULL,
  `LAST_CHANGE_TIME` datetime DEFAULT NULL,
  PRIMARY KEY (`RELATION_ID`)
) ENGINE=InnoDB DEFAULT CHARSET=utf8;
/*!40101 SET character_set_client = @saved_cs_client */;

--
-- Dumping data for table `RELATION`
--

LOCK TABLES `RELATION` WRITE;
/*!40000 ALTER TABLE `RELATION` DISABLE KEYS */;
INSERT INTO `RELATION` VALUES ('blog','Darkhouse Blog',3,'DH001','2018-12-02 17:10:31','DH001','2018-12-16 20:19:14'),('mtestEntity','Manual Test Entity1',2,'DH001','2018-12-02 18:08:21','DH001','2018-12-09 18:43:08'),('mtestEntity2','Manual Test Entity2',1,'DH001','2018-12-02 18:50:08','DH001','2018-12-02 18:50:08'),('person','person entity defualt relation',2,'DH001','2018-11-01 19:50:35','DH001','2018-12-11 20:09:12'),('rs_marriage','Marriage Relationship default relation',1,'DH001','2018-11-01 19:50:35','DH001','2018-11-01 19:50:35'),('rs_mtest01','Manual Test',1,'DH001','2018-12-02 20:00:52','DH001','2018-12-02 20:00:52'),('rs_user_role','User&Role Relationship default relation',1,'DH001','2018-11-01 19:50:35','DH001','2018-11-01 19:50:35'),('r_address','System Logon User address',11,'DH001','2018-11-01 19:50:35','DH001','2018-12-16 20:13:35'),('r_comment','Comments',5,'DH001','2018-12-03 15:54:47','DH001','2018-12-03 18:53:55'),('r_company','Company',1,'DH001','2018-11-01 19:50:35','DH001','2018-11-01 19:50:35'),('r_email','System Logon User Email',3,'DH001','2018-11-01 19:50:35','DH001','2018-12-16 19:38:41'),('r_employee','Company Employee',2,'DH001','2018-11-01 19:50:35','DH001','2018-12-16 20:15:08'),('r_mtest01','Manual Test',1,'DH001','2018-12-02 16:49:15','DH001','2018-12-02 16:49:15'),('r_mtest02','Manual Test',1,'DH001','2018-12-02 17:10:31','DH001','2018-12-02 17:10:31'),('r_personalization','System Logon User Personalization',2,'DH001','2018-11-01 19:50:35','DH001','2018-12-16 20:24:16'),('r_role','User Role in the Syetem',2,'DH001','2018-11-01 19:50:35','DH001','2018-12-16 19:36:39'),('r_testRelation','Test Relation',1,'DH001','2018-11-20 20:25:43','DH001','2018-11-20 20:25:43'),('r_user','System Logon User',3,'DH001','2018-11-01 19:50:35','DH001','2018-12-16 19:34:30'),('system_role','Syatem Role',1,'DH001','2018-11-01 19:50:35','DH001','2018-12-02 17:10:31');
/*!40000 ALTER TABLE `RELATION` ENABLE KEYS */;
UNLOCK TABLES;

--
-- Table structure for table `RELATIONSHIP`
--

DROP TABLE IF EXISTS `RELATIONSHIP`;
/*!40101 SET @saved_cs_client     = @@character_set_client */;
/*!40101 SET character_set_client = utf8 */;
CREATE TABLE `RELATIONSHIP` (
  `RELATIONSHIP_ID` varchar(32) NOT NULL COMMENT 'The ID of a relationship, not GUID! always begin with ‘r_’.',
  `RELATIONSHIP_DESC` varchar(256) DEFAULT NULL COMMENT 'The Relationship Type: Weak/Regular.',
  `VALID_PERIOD` int(11) unsigned DEFAULT NULL COMMENT 'The valid period of the relationship(in seconds)',
  `VERSION_NO` int(11) DEFAULT NULL,
  `CREATE_BY` varchar(32) DEFAULT NULL,
  `CREATE_TIME` datetime DEFAULT NULL,
  `LAST_CHANGE_BY` varchar(32) DEFAULT NULL,
  `LAST_CHANGE_TIME` datetime DEFAULT NULL,
  PRIMARY KEY (`RELATIONSHIP_ID`)
) ENGINE=InnoDB DEFAULT CHARSET=utf8 COMMENT='Relationships among 2 or more entities. Here, always week relationships, like husband and wife in a marriage.';
/*!40101 SET character_set_client = @saved_cs_client */;

--
-- Dumping data for table `RELATIONSHIP`
--

LOCK TABLES `RELATIONSHIP` WRITE;
/*!40000 ALTER TABLE `RELATIONSHIP` DISABLE KEYS */;
INSERT INTO `RELATIONSHIP` VALUES ('rs_blog_comments','A blog has multiple comments',3162240000,1,'DH001','2018-11-18 19:50:35','DH001','2018-11-18 19:50:35'),('rs_marriage','Marriage btw 2 persons',315360000,1,'DH001','2018-11-18 19:50:35','DH001','2018-11-18 19:50:35'),('rs_mtest01','Manual Test',36000000,1,'DH001','2018-12-02 20:00:52','DH001','2018-12-02 20:00:52'),('rs_user_role','A system user has multiple system roles',3162240000,1,'DH001','2018-11-18 19:50:35','DH001','2018-11-18 19:50:35');
/*!40000 ALTER TABLE `RELATIONSHIP` ENABLE KEYS */;
UNLOCK TABLES;

--
-- Table structure for table `RELATIONSHIP_INSTANCES`
--

DROP TABLE IF EXISTS `RELATIONSHIP_INSTANCES`;
/*!40101 SET @saved_cs_client     = @@character_set_client */;
/*!40101 SET character_set_client = utf8 */;
CREATE TABLE `RELATIONSHIP_INSTANCES` (
  `RELATIONSHIP_INSTANCE_GUID` varchar(32) NOT NULL,
  `VALID_FROM` datetime NOT NULL DEFAULT CURRENT_TIMESTAMP ON UPDATE CURRENT_TIMESTAMP COMMENT 'The relationship valid from date',
  `VALID_TO` datetime DEFAULT NULL,
  `RELATIONSHIP_ID` varchar(32) DEFAULT NULL,
  PRIMARY KEY (`RELATIONSHIP_INSTANCE_GUID`,`VALID_FROM`),
  KEY `REALATIONSHIP` (`RELATIONSHIP_ID`)
) ENGINE=InnoDB DEFAULT CHARSET=utf8;
/*!40101 SET character_set_client = @saved_cs_client */;

--
-- Dumping data for table `RELATIONSHIP_INSTANCES`
--

LOCK TABLES `RELATIONSHIP_INSTANCES` WRITE;
/*!40000 ALTER TABLE `RELATIONSHIP_INSTANCES` DISABLE KEYS */;
INSERT INTO `RELATIONSHIP_INSTANCES` VALUES ('2FBF8600E10F11E8A90957FA46F2CECA','2018-11-05 23:26:37','2119-01-20 23:26:37','rs_user_role'),('2FD298D0E10F11E8A90957FA46F2CECA','2018-11-05 23:26:38','2018-11-05 23:26:38','rs_user_role'),('30028270E10F11E8A90957FA46F2CECA','2124-12-31 00:00:00','2128-12-31 00:00:00','rs_user_role'),('30028272E10F11E8A90957FA46F2CECA','2018-11-05 23:26:38','2028-11-02 23:26:38','rs_marriage'),('430CB2C0E1C611E8877F9D5C9668A7A3','2018-11-06 21:17:07','2018-11-10 12:53:00','rs_marriage'),('57753620F6AB11E8BB091B5EA31165A2','2018-12-03 11:27:20','2028-12-03 11:26:26','rs_mtest01');
/*!40000 ALTER TABLE `RELATIONSHIP_INSTANCES` ENABLE KEYS */;
UNLOCK TABLES;

--
-- Table structure for table `RELATIONSHIP_INVOLVES`
--

DROP TABLE IF EXISTS `RELATIONSHIP_INVOLVES`;
/*!40101 SET @saved_cs_client     = @@character_set_client */;
/*!40101 SET character_set_client = utf8 */;
CREATE TABLE `RELATIONSHIP_INVOLVES` (
  `RELATIONSHIP_ID` varchar(32) NOT NULL,
  `ROLE_ID` varchar(32) NOT NULL COMMENT 'Role involved in the relationship. For example, husband in marriage',
  `CARDINALITY` varchar(6) DEFAULT NULL COMMENT '[1..1] maximum 1 and at least 1\n[1..n] minimum 1 ant multiple',
  `DIRECTION` varchar(128) DEFAULT NULL COMMENT 'Relationship direction',
  PRIMARY KEY (`RELATIONSHIP_ID`,`ROLE_ID`),
  KEY `INVOLVES` (`ROLE_ID`)
) ENGINE=InnoDB DEFAULT CHARSET=utf8;
/*!40101 SET character_set_client = @saved_cs_client */;

--
-- Dumping data for table `RELATIONSHIP_INVOLVES`
--

LOCK TABLES `RELATIONSHIP_INVOLVES` WRITE;
/*!40000 ALTER TABLE `RELATIONSHIP_INVOLVES` DISABLE KEYS */;
INSERT INTO `RELATIONSHIP_INVOLVES` VALUES ('rs_blog_comments','blog','[1..1]','has'),('rs_blog_comments','blog_comment','[1..n]','belongs to'),('rs_marriage','husband','[1..1]','is husband of'),('rs_marriage','wife','[1..1]','is wife of'),('rs_mtest01','mtestRole01','[1..1]','Direction 1'),('rs_mtest01','mtestRole02','[1..1]','Direction 2'),('rs_user_role','system_role','[1..n]','is assigned to'),('rs_user_role','system_user','[1..n]','has');
/*!40000 ALTER TABLE `RELATIONSHIP_INVOLVES` ENABLE KEYS */;
UNLOCK TABLES;

--
-- Table structure for table `RELATIONSHIP_INVOLVES_INSTANCES`
--

DROP TABLE IF EXISTS `RELATIONSHIP_INVOLVES_INSTANCES`;
/*!40101 SET @saved_cs_client     = @@character_set_client */;
/*!40101 SET character_set_client = utf8 */;
CREATE TABLE `RELATIONSHIP_INVOLVES_INSTANCES` (
  `RELATIONSHIP_INSTANCE_GUID` varchar(32) NOT NULL,
  `ENTITY_INSTANCE_GUID` varchar(32) NOT NULL,
  `RELATIONSHIP_ID` varchar(32) DEFAULT NULL COMMENT 'The relationship_id is redundantly stored so that search by Relationship_id + entity_rec_guid is easier. ',
  `ENTITY_ID` varchar(32) DEFAULT NULL,
  `ROLE_ID` varchar(32) DEFAULT NULL,
  PRIMARY KEY (`RELATIONSHIP_INSTANCE_GUID`,`ENTITY_INSTANCE_GUID`),
  KEY `Relationship_id` (`ENTITY_INSTANCE_GUID`,`RELATIONSHIP_ID`) COMMENT 'For example, list all the sales orders for a certain customer.'
) ENGINE=InnoDB DEFAULT CHARSET=utf8;
/*!40101 SET character_set_client = @saved_cs_client */;

--
-- Dumping data for table `RELATIONSHIP_INVOLVES_INSTANCES`
--

LOCK TABLES `RELATIONSHIP_INVOLVES_INSTANCES` WRITE;
/*!40000 ALTER TABLE `RELATIONSHIP_INVOLVES_INSTANCES` DISABLE KEYS */;
INSERT INTO `RELATIONSHIP_INVOLVES_INSTANCES` VALUES ('2FBF8600E10F11E8A90957FA46F2CECA','2FBE7490E10F11E8A90957FA46F2CECA','rs_user_role','person','system_user'),('2FBF8600E10F11E8A90957FA46F2CECA','5F50DE92743683E1ED7F964E5B9F6167','rs_user_role','system_role','system_role'),('2FD298D0E10F11E8A90957FA46F2CECA','2FBE7490E10F11E8A90957FA46F2CECA','rs_user_role','person','system_user'),('2FD298D0E10F11E8A90957FA46F2CECA','F0EF0C4174A883BF639E2EB0C8735239','rs_user_role','system_role','system_role'),('30028270E10F11E8A90957FA46F2CECA','2FBE7490E10F11E8A90957FA46F2CECA','rs_user_role','person','system_user'),('30028270E10F11E8A90957FA46F2CECA','5F50DE92743683E1ED7F964E5B9F6167','rs_user_role','system_role','system_role'),('30028272E10F11E8A90957FA46F2CECA','1A4EB21F9CE0B3236F61EDBB57BC9738','rs_marriage','person','wife'),('30028272E10F11E8A90957FA46F2CECA','2FBE7490E10F11E8A90957FA46F2CECA','rs_marriage','person','husband'),('430CB2C0E1C611E8877F9D5C9668A7A3','2FBE7490E10F11E8A90957FA46F2CECA','rs_marriage','person','husband'),('430CB2C0E1C611E8877F9D5C9668A7A3','430C8BB0E1C611E8877F9D5C9668A7A3','rs_marriage','person','husband'),('57753620F6AB11E8BB091B5EA31165A2','114A5F00F6AA11E8BB091B5EA31165A2','rs_mtest01','mtestEntity','mtestRole01'),('57753620F6AB11E8BB091B5EA31165A2','57750F10F6AB11E8BB091B5EA31165A2','rs_mtest01','mtestEntity2','mtestRole02');
/*!40000 ALTER TABLE `RELATIONSHIP_INVOLVES_INSTANCES` ENABLE KEYS */;
UNLOCK TABLES;

--
-- Table structure for table `RELATION_ASSOCIATION`
--

DROP TABLE IF EXISTS `RELATION_ASSOCIATION`;
/*!40101 SET @saved_cs_client     = @@character_set_client */;
/*!40101 SET character_set_client = utf8 */;
CREATE TABLE `RELATION_ASSOCIATION` (
  `LEFT_RELATION_ID` varchar(32) NOT NULL COMMENT 'Relation(table) in the left side, as the SQL join in the logical left position. ',
  `RIGHT_RELATION_ID` varchar(32) NOT NULL COMMENT 'Relation(table) in the right side, as the SQL join in the logical right position. ',
  `CARDINALITY` varchar(6) DEFAULT NULL COMMENT '[0..1] can be null, or maximum 1 for the right relation\n[1..1] maximum 1 and at least 1 for the right relation\n[0..n] can be null, or multiple for the right relation\n[1..n] minimum 1 and multiple for the right relation',
  `FOREIGN_KEY_CHECK` tinyint(1) DEFAULT NULL COMMENT 'Whether do foreign key check on the right relation when insert values into the left relation',
  PRIMARY KEY (`LEFT_RELATION_ID`,`RIGHT_RELATION_ID`)
) ENGINE=InnoDB DEFAULT CHARSET=utf8 COMMENT='Relations can be associated with each other. For example, header and items, which have the association with cardinality [1..n].\nThe cardinality here should always be [1..1] and [1..n], as the associations are always reflect strong relationships. ';
/*!40101 SET character_set_client = @saved_cs_client */;

--
-- Dumping data for table `RELATION_ASSOCIATION`
--

LOCK TABLES `RELATION_ASSOCIATION` WRITE;
/*!40000 ALTER TABLE `RELATION_ASSOCIATION` DISABLE KEYS */;
INSERT INTO `RELATION_ASSOCIATION` VALUES ('r_employee','r_company','[1..1]',1),('r_user','r_employee','[1..0]',0),('r_user','r_personalization','[1..0]',0);
/*!40000 ALTER TABLE `RELATION_ASSOCIATION` ENABLE KEYS */;
UNLOCK TABLES;

--
-- Table structure for table `RELATION_ASSOCIATION_FIELDS_MAPPING`
--

DROP TABLE IF EXISTS `RELATION_ASSOCIATION_FIELDS_MAPPING`;
/*!40101 SET @saved_cs_client     = @@character_set_client */;
/*!40101 SET character_set_client = utf8 */;
CREATE TABLE `RELATION_ASSOCIATION_FIELDS_MAPPING` (
  `LEFT_RELATION_ID` varchar(32) NOT NULL,
  `LEFT_FIELD` varchar(45) NOT NULL,
  `RIGHT_RELATION_ID` varchar(32) NOT NULL,
  `RIGHT_FIELD` varchar(45) NOT NULL,
  PRIMARY KEY (`LEFT_RELATION_ID`,`LEFT_FIELD`,`RIGHT_RELATION_ID`,`RIGHT_FIELD`)
) ENGINE=InnoDB DEFAULT CHARSET=utf8;
/*!40101 SET character_set_client = @saved_cs_client */;

--
-- Dumping data for table `RELATION_ASSOCIATION_FIELDS_MAPPING`
--

LOCK TABLES `RELATION_ASSOCIATION_FIELDS_MAPPING` WRITE;
/*!40000 ALTER TABLE `RELATION_ASSOCIATION_FIELDS_MAPPING` DISABLE KEYS */;
INSERT INTO `RELATION_ASSOCIATION_FIELDS_MAPPING` VALUES ('r_employee','COMPANY_ID','r_company','COMPANY_ID'),('r_user','USER_ID','r_employee','USER_ID'),('r_user','USER_ID','r_personalization','USER_ID');
/*!40000 ALTER TABLE `RELATION_ASSOCIATION_FIELDS_MAPPING` ENABLE KEYS */;
UNLOCK TABLES;

--
-- Table structure for table `ROLE`
--

DROP TABLE IF EXISTS `ROLE`;
/*!40101 SET @saved_cs_client     = @@character_set_client */;
/*!40101 SET character_set_client = utf8 */;
CREATE TABLE `ROLE` (
  `ROLE_ID` varchar(32) NOT NULL COMMENT 'ROLE ID',
  `ROLE_DESC` varchar(256) DEFAULT NULL,
  `VERSION_NO` int(11) DEFAULT NULL,
  `CREATE_BY` varchar(32) DEFAULT NULL,
  `CREATE_TIME` datetime DEFAULT NULL,
  `LAST_CHANGE_BY` varchar(32) DEFAULT NULL,
  `LAST_CHANGE_TIME` datetime DEFAULT NULL,
  PRIMARY KEY (`ROLE_ID`)
) ENGINE=InnoDB DEFAULT CHARSET=utf8 COMMENT='Roles perform a relationship. For example, husband and wife together forms the marriage';
/*!40101 SET character_set_client = @saved_cs_client */;

--
-- Dumping data for table `ROLE`
--

LOCK TABLES `ROLE` WRITE;
/*!40000 ALTER TABLE `ROLE` DISABLE KEYS */;
INSERT INTO `ROLE` VALUES ('allowComment','Allow Commenting',6,'DH001','2018-12-03 15:55:45','DH001','2018-12-03 17:39:51'),('blog','Blog',1,'DH001','2018-11-01 19:50:35','DH001','2018-11-01 19:50:35'),('blog_comment','Comments on a blog',1,'DH001','2018-11-01 19:50:35','DH001','2018-11-01 19:50:35'),('employee','Company Employee',1,'DH001','2018-11-01 19:50:35','DH001','2018-11-01 19:50:35'),('husband','Husband',1,'DH001','2018-11-01 19:50:35','DH001','2018-11-01 19:50:35'),('mtestRole01','Manual Test',4,'DH001','2018-12-02 17:11:25','DH001','2018-12-02 18:02:53'),('mtestRole02','Manual Test Role',1,'DH001','2018-12-02 18:07:17','DH001','2018-12-02 18:07:17'),('system_role','System user role',1,'DH001','2018-11-01 19:50:35','DH001','2018-11-01 19:50:35'),('system_user','System user for login',1,'DH001','2018-11-01 19:50:35','DH001','2018-11-01 19:50:35'),('wife','Wife',1,'DH001','2018-11-01 19:50:35','DH001','2018-11-01 19:50:35');
/*!40000 ALTER TABLE `ROLE` ENABLE KEYS */;
UNLOCK TABLES;

--
-- Table structure for table `ROLE_RELATION`
--

DROP TABLE IF EXISTS `ROLE_RELATION`;
/*!40101 SET @saved_cs_client     = @@character_set_client */;
/*!40101 SET character_set_client = utf8 */;
CREATE TABLE `ROLE_RELATION` (
  `ROLE_ID` varchar(32) NOT NULL,
  `RELATION_ID` varchar(32) NOT NULL,
  `CARDINALITY` varchar(6) DEFAULT NULL COMMENT '[0..1] can be null, maximum 1\n[0..n] can be null or multiple\n[1..1] 1 and at least 1\n[1..n] multiple and at least 1',
  PRIMARY KEY (`ROLE_ID`,`RELATION_ID`)
) ENGINE=InnoDB DEFAULT CHARSET=utf8;
/*!40101 SET character_set_client = @saved_cs_client */;

--
-- Dumping data for table `ROLE_RELATION`
--

LOCK TABLES `ROLE_RELATION` WRITE;
/*!40000 ALTER TABLE `ROLE_RELATION` DISABLE KEYS */;
INSERT INTO `ROLE_RELATION` VALUES ('allowComment','r_comment','[0..n]'),('employee','r_employee','[1..1]'),('mtestRole01','r_mtest01','[1..n]'),('mtestRole02','r_mtest02','[1..1]'),('system_role','r_role','[1..1]'),('system_user','r_address','[0..n]'),('system_user','r_email','[1..n]'),('system_user','r_personalization','[0..1]'),('system_user','r_user','[1..1]');
/*!40000 ALTER TABLE `ROLE_RELATION` ENABLE KEYS */;
UNLOCK TABLES;

--
-- Table structure for table `blog`
--

DROP TABLE IF EXISTS `blog`;
/*!40101 SET @saved_cs_client     = @@character_set_client */;
/*!40101 SET character_set_client = utf8 */;
CREATE TABLE `blog` (
  `INSTANCE_GUID` varchar(32) NOT NULL,
  `AUTHOR` varchar(64) DEFAULT NULL COMMENT '238549CD9FDA471EBF1FA98CE9E9A702',
  `ID` int(11) DEFAULT NULL COMMENT '5299ED5694B542DF9FBC9EBDF19D3D15',
  `NUM_READS` int(11) DEFAULT NULL COMMENT '54D87DCF56604EE0B94D736E89A51F68',
  `PUBLISHED` tinyint(1) DEFAULT NULL COMMENT '6536A71833B54CBE9EF0A95938E9CFC0',
  `PUBLISH_TIME` datetime DEFAULT NULL COMMENT '99B95A18333541319DAD743F7FB9BFD1',
  `TITLE` varchar(128) DEFAULT NULL COMMENT 'AB16FF7FA38C46B1B2F9F55A3380FAC5',
  `ABSTRACT` varchar(256) DEFAULT NULL COMMENT 'E49BF959EF2B47CE8E6820F648C7468D',
  `NAME` varchar(64) DEFAULT NULL COMMENT 'EAD0E0F1E4E147A99DA2FA1F9CB24FA3',
  PRIMARY KEY (`INSTANCE_GUID`)
) ENGINE=InnoDB DEFAULT CHARSET=utf8;
/*!40101 SET character_set_client = @saved_cs_client */;

--
-- Dumping data for table `blog`
--

LOCK TABLES `blog` WRITE;
/*!40000 ALTER TABLE `blog` DISABLE KEYS */;
INSERT INTO `blog` VALUES ('045BDD10779111E480CA0FE6F781342E','VINCEZK',94,29,1,'2014-11-29 14:29:05','Choose Your Weapon','\"Make a choice\" is difficult, especially there are lots of web technologies, like: PHP, Ruby, JAVA, JavaScript, ASP, and so on.','blog2.html'),('6F484A70F16F11E4ADBB3D6DE2A014D5','VINCEZK',229,157,1,'2015-05-03 16:36:03','NoSQL数据模型','介绍NoSQL的文章不计其数，然而大多是围绕其性能、扩展性以及可用性等方面。本文将从数据模型角度描述当前流行的几种NoSQL数据库类型， 并将它们同关系型模型作对比。','DataBase-NoSQL.html'),('90253750623E11E485C9E9300C5B65CF','VinceZK',1,NULL,NULL,'2014-10-30 00:00:00','Compose Your First Single Page Application','If you want to compose a web application, you must consider following stuff...','blog1.html'),('9C212A0085ED11E487DF61A235EE544C','VINCEZK',95,37,1,'2014-12-17 21:07:10','抓住长尾的架构策略','这是黑屋博客的首篇，但这是一篇翻译之作。我把它设为开篇是由于它能很好的引出黑屋后面的内容。','SaaS_OverView.html'),('AA18E490623E11E485C9E9300C5B65CF','VinceZK',2,NULL,0,'2014-10-30 00:00:00','Compose Your First Single Page Application','If you want to compose a web application, you must consider following stuff...aa','blog1.html'),('C04911C0B3EE11E4B736F5F74BE2BA3D','VINCEZK',99,790,1,'2015-02-14 10:11:13','OLAP浪潮','到上世纪80年代末，关系型数据库已经积累了将近10年的数据了。一方面，数据量的上升总会带来性能的下降；另一方面，数据量的上升带来更多的数据分析需求。这2者加在一起，使得摩尔定律带来的硬件性能提升变得杯水车薪......','DataBase-OLAP.html'),('DF933500779011E480CA0FE6F781342E','VINCEZK',92,7,1,'2014-11-29 14:28:03','制造一个互联网应用','随着移动互联网时代的到来，各行各业都加入到移动互联大军中来。但几乎每个企业都会经历一段“大跃进”时期，就像上面发生的对话一样，仿佛进入移动互联只需要一个App，而这个App很轻松就能得到.','blog1.html'),('E000ACB095B411E49C0889967E3DEFD6','VINCEZK',98,276,1,'2015-01-06 23:01:21','一切皆关系','前文谈到开发SaaS最大的挑战是实现一个可扩展的多租户数据模型，黑屋对此深有同感，因此准备在接下来的几篇博客中详细介绍黑屋的多租户数据模型，我们将之称为Multi-Tenancy DB(MDB)......','DataBase-Relational_Model.html');
/*!40000 ALTER TABLE `blog` ENABLE KEYS */;
UNLOCK TABLES;

--
-- Table structure for table `mtestEntity`
--

DROP TABLE IF EXISTS `mtestEntity`;
/*!40101 SET @saved_cs_client     = @@character_set_client */;
/*!40101 SET character_set_client = utf8 */;
CREATE TABLE `mtestEntity` (
  `INSTANCE_GUID` varchar(32) NOT NULL,
  `FIELD1` varchar(20) DEFAULT NULL COMMENT '3274AD10F61A11E8B99C1531A821C45B',
  PRIMARY KEY (`INSTANCE_GUID`)
) ENGINE=InnoDB DEFAULT CHARSET=utf8;
/*!40101 SET character_set_client = @saved_cs_client */;

--
-- Dumping data for table `mtestEntity`
--

LOCK TABLES `mtestEntity` WRITE;
/*!40000 ALTER TABLE `mtestEntity` DISABLE KEYS */;
INSERT INTO `mtestEntity` VALUES ('114A5F00F6AA11E8BB091B5EA31165A2','Entity Value');
/*!40000 ALTER TABLE `mtestEntity` ENABLE KEYS */;
UNLOCK TABLES;

--
-- Table structure for table `mtestEntity2`
--

DROP TABLE IF EXISTS `mtestEntity2`;
/*!40101 SET @saved_cs_client     = @@character_set_client */;
/*!40101 SET character_set_client = utf8 */;
CREATE TABLE `mtestEntity2` (
  `INSTANCE_GUID` varchar(32) NOT NULL,
  `FIELD2` varchar(40) DEFAULT NULL COMMENT '08C673D0F62011E8B99C1531A821C45B',
  PRIMARY KEY (`INSTANCE_GUID`)
) ENGINE=InnoDB DEFAULT CHARSET=utf8;
/*!40101 SET character_set_client = @saved_cs_client */;

--
-- Dumping data for table `mtestEntity2`
--

LOCK TABLES `mtestEntity2` WRITE;
/*!40000 ALTER TABLE `mtestEntity2` DISABLE KEYS */;
INSERT INTO `mtestEntity2` VALUES ('57750F10F6AB11E8BB091B5EA31165A2','BBB');
/*!40000 ALTER TABLE `mtestEntity2` ENABLE KEYS */;
UNLOCK TABLES;

--
-- Table structure for table `person`
--

DROP TABLE IF EXISTS `person`;
/*!40101 SET @saved_cs_client     = @@character_set_client */;
/*!40101 SET character_set_client = utf8 */;
CREATE TABLE `person` (
  `INSTANCE_GUID` varchar(32) NOT NULL,
  `GENDER` varchar(10) DEFAULT NULL COMMENT '6C357AF2BE7B3FC9D4EB39424D2F541B',
  `HEIGHT` int(11) DEFAULT NULL COMMENT '13976E0B39AEBAFBDC35764518DB72D9',
  `HOBBY` varchar(60) DEFAULT NULL COMMENT '10F62E043562EC6E2373E743F606EB2F',
  `FINGER_PRINT` varchar(60) DEFAULT NULL COMMENT 'E801A3631E3C43E128F397AF9B7174CF',
  PRIMARY KEY (`INSTANCE_GUID`),
  UNIQUE KEY `FINGER_PRINT_UNIQUE` (`FINGER_PRINT`)
) ENGINE=InnoDB DEFAULT CHARSET=utf8;
/*!40101 SET character_set_client = @saved_cs_client */;

--
-- Dumping data for table `person`
--

LOCK TABLES `person` WRITE;
/*!40000 ALTER TABLE `person` DISABLE KEYS */;
INSERT INTO `person` VALUES ('2FBE7490E10F11E8A90957FA46F2CECA','Male',170,'Coding','ABABABAB'),('430C8BB0E1C611E8877F9D5C9668A7A3',NULL,NULL,NULL,NULL);
/*!40000 ALTER TABLE `person` ENABLE KEYS */;
UNLOCK TABLES;

--
-- Table structure for table `r_address`
--

DROP TABLE IF EXISTS `r_address`;
/*!40101 SET @saved_cs_client     = @@character_set_client */;
/*!40101 SET character_set_client = utf8 */;
CREATE TABLE `r_address` (
  `ADDRESS_ID` int(11) NOT NULL AUTO_INCREMENT COMMENT '215398FA901E8696BD093A0E9CBA2C7C',
  `COUNTRY` varchar(45) DEFAULT NULL COMMENT '93CB473FC2C6D2E32BFE5E60E603934D',
  `CITY` varchar(45) DEFAULT NULL COMMENT '930EF6C283C8679EE43B291EA5C1A76C',
  `POSTCODE` int(11) DEFAULT NULL COMMENT '7B1EB846E932AD839D4ECE7462AD7F3D',
  `ADDRESS_VALUE` varchar(256) DEFAULT NULL COMMENT '6FE183B97FC0E7578051EBDB9EF5D5A4',
  `TYPE` varchar(45) DEFAULT NULL COMMENT '929116D53BF779DB2E0AC487971773D4',
  `PRIMARY` tinyint(1) DEFAULT NULL COMMENT 'B829F4E362527EAEA77A1316ED354BEA',
  `INSTANCE_GUID` varchar(32) DEFAULT NULL,
  PRIMARY KEY (`ADDRESS_ID`),
  KEY `REC_GUID` (`INSTANCE_GUID`)
) ENGINE=InnoDB AUTO_INCREMENT=637 DEFAULT CHARSET=utf8;
/*!40101 SET character_set_client = @saved_cs_client */;

--
-- Dumping data for table `r_address`
--

LOCK TABLES `r_address` WRITE;
/*!40000 ALTER TABLE `r_address` DISABLE KEYS */;
INSERT INTO `r_address` VALUES (527,'China','Shanghai',201202,'Room #999, Building #99, XXX Road #999','Current Live',1,'2FBE7490E10F11E8A90957FA46F2CECA'),(528,'China','Haimen',226126,'Village LeeZhoo','Born Place',0,'2FBE7490E10F11E8A90957FA46F2CECA');
/*!40000 ALTER TABLE `r_address` ENABLE KEYS */;
UNLOCK TABLES;

--
-- Table structure for table `r_comment`
--

DROP TABLE IF EXISTS `r_comment`;
/*!40101 SET @saved_cs_client     = @@character_set_client */;
/*!40101 SET character_set_client = utf8 */;
CREATE TABLE `r_comment` (
  `COMMENT` varchar(256) DEFAULT NULL COMMENT 'B451CB90F6D011E88A0AB1CA91FA338B',
  `IP_ADDRESS` varchar(15) DEFAULT NULL COMMENT 'B451F2A0F6D011E88A0AB1CA91FA338B',
  `USER` varchar(64) DEFAULT NULL COMMENT 'B451F2A1F6D011E88A0AB1CA91FA338B',
  `SECTION_ID` varchar(10) DEFAULT NULL COMMENT 'B451F2A2F6D011E88A0AB1CA91FA338B',
  `SUBMIT_TIME` datetime DEFAULT NULL COMMENT 'B451F2A3F6D011E88A0AB1CA91FA338B',
  `INSTANCE_GUID` varchar(32) DEFAULT NULL,
  `COMMENT_GUID` varchar(32) NOT NULL COMMENT 'BA7C6ED0F6E911E8BA6405D0C7818287',
  PRIMARY KEY (`COMMENT_GUID`)
) ENGINE=InnoDB DEFAULT CHARSET=utf8;
/*!40101 SET character_set_client = @saved_cs_client */;

--
-- Dumping data for table `r_comment`
--

LOCK TABLES `r_comment` WRITE;
/*!40000 ALTER TABLE `r_comment` DISABLE KEYS */;
INSERT INTO `r_comment` VALUES ('Comment Test','10.0.1.1','VinceZK','3.1','2014-11-22 14:27:08','9C212A0085ED11E487DF61A235EE544C','002DF130CF7D11E482CA674623ED2E5F'),(NULL,'127.0.0.1','Anonymous','3','2015-03-23 21:46:28','C04911C0B3EE11E4B736F5F74BE2BA3D','01610320D16311E4A1A15749592BDF30'),('Test comment','10.0.1.1','VinceZK','1','2015-03-18 22:42:35','9C212A0085ED11E487DF61A235EE544C','044EB2B0CD7D11E4893D232DA720A0C0'),('Test comment','10.0.1.1','VinceZK','1','2015-03-18 21:23:52','9C212A0085ED11E487DF61A235EE544C','051007E0CD7211E48774838AE2DBA458'),(NULL,'127.0.0.1','Anonymous','3','2015-03-23 21:46:37','C04911C0B3EE11E4B736F5F74BE2BA3D','06EA8DC0D16311E4A1A15749592BDF30'),('adfkaslkdjf laskjflkasjdfasdf','127.0.0.1','Anonymous','7','2015-03-23 22:00:59','C04911C0B3EE11E4B736F5F74BE2BA3D','08971A60D16511E4B181BDAC6DCE62D6'),('Test comment','10.0.1.1','VinceZK','1','2015-03-18 22:14:05','9C212A0085ED11E487DF61A235EE544C','090B7441CD7911E4853FC747A5D85C7A'),('Test comment','10.0.1.1','VinceZK','1','2015-03-18 21:38:17','9C212A0085ED11E487DF61A235EE544C','0913F200CD7411E48C4EB18DFA5F06D4'),('fasdfasdfa sdfasdf','127.0.0.1','Anonymous','7','2015-03-23 22:01:02','C04911C0B3EE11E4B736F5F74BE2BA3D','0AA64B50D16511E4B181BDAC6DCE62D6'),('到底是因为综合分析业务日志太有用了，还是因为它妨碍了记录业务日志的性能，使得OLAP能成为一个独立的概念？对于这个问题的答案也许每家企业在不同阶段都有不同的体会， 但Codd认为前者似乎才是最主要的原因，而那个时候他接受了Hyperion（BI厂商，已被O','127.0.0.1','Anonymous','7','2015-03-23 22:01:10','C04911C0B3EE11E4B736F5F74BE2BA3D','0F267C40D16511E4B181BDAC6DCE62D6'),('逻辑上根据这两点得出这个结论似乎没有问题，然而如果把OLAP和OLTP放在同等地位，这又和事实不符（这可从两个类别的商业系统所占的市场份额得出）。 这里本质问题在于区分“数据记录”和“数据分析”到底哪个才是最基础的？数据为什么要被记录下来？那是因为第一是人','127.0.0.1','Anonymous','8.1','2015-03-23 21:54:04','C04911C0B3EE11E4B736F5F74BE2BA3D','1106CA70D16411E4B181BDAC6DCE62D6'),('简单的说把原来一个系统分成2个系统：一个专门负责日常的事务型操作，另一个专门负责管理分析型报表。这种做法虽然降低了每个系统的负担， 但是需要额外付出数据冗余和一致性上面的代价。好在分析型报表的实时性要求一般都不高，因此完成','127.0.0.1','Anonymous','7','2015-03-23 22:15:34','C04911C0B3EE11E4B736F5F74BE2BA3D','124CFEB0D16711E4B181BDAC6DCE62D6'),('Test Title','127.0.0.1','Anonymous','4','2015-03-23 20:42:42','C04911C0B3EE11E4B736F5F74BE2BA3D','19000110D15A11E486EBED7F9BF58BEF'),('Test comment','10.0.1.1','VinceZK','1','2015-03-18 21:38:45','9C212A0085ED11E487DF61A235EE544C','19722950CD7411E4B688E7D7CEC56562'),('Test comment','10.0.1.1','VinceZK','1','2015-03-18 21:38:45','9C212A0085ED11E487DF61A235EE544C','197388E0CD7411E4B688E7D7CEC56562'),('Test comment','10.0.1.1','VinceZK','2','2015-03-23 21:11:32','9C212A0085ED11E487DF61A235EE544C','1FEC5330D15E11E4816891523278567C'),('Test comment','10.0.1.1','VinceZK','1','2015-03-18 22:43:22','9C212A0085ED11E487DF61A235EE544C','208969C0CD7D11E4BF5FC9528E08494F'),('Test OL','127.0.0.1','Anonymous','8.1','2015-03-23 21:25:52','C04911C0B3EE11E4B736F5F74BE2BA3D','20B86AE0D16011E499F55B784C97896C'),('Test comment','10.0.1.1','VinceZK','1','2015-03-20 23:31:10','9C212A0085ED11E487DF61A235EE544C','228AF641CF1611E4BDF64FA38910341E'),('kjhkjlkjlkjljl','127.0.0.1','Anonymous','13','2015-03-23 22:37:36','C04911C0B3EE11E4B736F5F74BE2BA3D','2645BA80D16A11E4B181BDAC6DCE62D6'),('就如同每个人的人生也不完全一样。 这中虚渺的联系给了算命先生足够的发挥空间','127.0.0.1','Anonymous','5','2015-03-23 22:23:27','C04911C0B3EE11E4B736F5F74BE2BA3D','2C39FFC0D16811E4B181BDAC6DCE62D6'),('那个时候充斥着诸如：数据仓库（Data Warehousing），数据集市（Data Mart），数据挖掘（Data Mining）等概念。 也许这些概念在一开始提出的时候，只是为了给某些已存在的计算机系统命名。','127.0.0.1','Anonymous','5','2015-03-23 22:23:35','C04911C0B3EE11E4B736F5F74BE2BA3D','30DA89F0D16811E4B181BDAC6DCE62D6'),('Test comment','10.0.1.1','VinceZK','1','2015-03-18 21:39:25','9C212A0085ED11E487DF61A235EE544C','3130A710CD7411E4B2FAEB0D340FE6A0'),('Test comment','10.0.1.1','VinceZK','1','2015-03-18 21:39:25','9C212A0085ED11E487DF61A235EE544C','3131B880CD7411E4B2FAEB0D340FE6A0'),('Test Title 4','127.0.0.1','Anonymous','4','2015-03-23 21:19:10','C04911C0B3EE11E4B736F5F74BE2BA3D','31753260D15F11E499F55B784C97896C'),('Test comment','10.0.1.1','VinceZK','1','2015-03-18 22:08:04','9C212A0085ED11E487DF61A235EE544C','32256A80CD7811E49188174F34676093'),('Test comment','10.0.1.1','VinceZK','2','2015-03-23 21:12:13','9C212A0085ED11E487DF61A235EE544C','38A8E000D15E11E4B62B856C8FA320A7'),('Test comment','10.0.1.1','VinceZK','1','2015-03-18 22:44:06','9C212A0085ED11E487DF61A235EE544C','3A612A90CD7D11E493B39FE7180A063B'),('Test comment','10.0.1.1','VinceZK','2','2015-03-20 22:06:02','9C212A0085ED11E487DF61A235EE544C','3E27B610CF0A11E4A990C9E14B8DC73D'),('性能，使得OLAP能成为一个独立的概念？对于这个问题的答案也许每家企业在不同阶段都有不同的体会， 但Codd认为前者似乎才是最主要的原因，而那个时候他接受了Hyperion（BI厂商，已被ORACLE收购）的支助。Codd基于以下两个理由， 认为OLAP有','127.0.0.1','Anonymous','7','2015-03-23 22:09:39','C04911C0B3EE11E4B736F5F74BE2BA3D','3EDBA950D16611E4B181BDAC6DCE62D6'),('Blog 2 Test','127.0.0.1','Anonymous','1','2015-03-29 09:59:34','C04911C0B3EE11E4B736F5F74BE2BA3D','3F8379F0D5B711E4A182EB193BBD3E7D'),('Test comment','10.0.1.1','VinceZK','1','2015-03-18 22:15:37','9C212A0085ED11E487DF61A235EE544C','4007AFE1CD7911E48D858D310228F35A'),('Wix.com provides an easy-to-use online platform where you can create and publish your own website. Enjoy powerful drag & drop ed','127.0.0.1','Anonymous','8.1','2015-03-23 21:55:28','C04911C0B3EE11E4B736F5F74BE2BA3D','43377440D16411E4B181BDAC6DCE62D6'),('Test comment','10.0.1.1','VinceZK','1','2015-03-20 23:25:07','9C212A0085ED11E487DF61A235EE544C','4A470A31CF1511E4BBE4CF64410BB8BA'),('Test comment','10.0.1.1','VinceZK','1','2015-03-18 21:40:07','9C212A0085ED11E487DF61A235EE544C','4A59FF70CD7411E4B2147757BC837EA6'),('Test comment','10.0.1.1','VinceZK','1','2015-03-18 21:40:07','9C212A0085ED11E487DF61A235EE544C','4A5AE9D0CD7411E4B2147757BC837EA6'),('争论到底是决策支持系统、商业智能、 商业分析（Business Analytics）抑或是大数据（Big Data），哪个更时髦，哪个更准确，哪个更有利可图是毫无意义的， 它们都是通过可诉性信息（Actionable Information）满足业务需','127.0.0.1','Anonymous','7','2015-03-23 22:10:15','C04911C0B3EE11E4B736F5F74BE2BA3D','542D93E0D16611E4B181BDAC6DCE62D6'),('Test Title 5','127.0.0.1','Anonymous','4','2015-03-23 21:20:12','C04911C0B3EE11E4B736F5F74BE2BA3D','55E84060D15F11E499F55B784C97896C'),('Hello Test','127.0.0.1','Anonymous','8.1','2015-03-23 21:56:09','C04911C0B3EE11E4B736F5F74BE2BA3D','5BF70E50D16411E4B181BDAC6DCE62D6'),('Test comment','10.0.1.1','VinceZK','1','2015-03-18 22:16:29','9C212A0085ED11E487DF61A235EE544C','5EB20761CD7911E4A16303BF07B4A127'),('Test comment','10.0.1.1','VinceZK','1','2015-03-18 21:40:42','9C212A0085ED11E487DF61A235EE544C','5F0EBFA1CD7411E4866EAFAED945121A'),('Test','127.0.0.1','Anonymous','9','2015-03-23 21:27:37','C04911C0B3EE11E4B736F5F74BE2BA3D','5F7EAB40D16011E499F55B784C97896C'),('Wix.com provides an easy-to-use online platform where you can create and publish your own website. Enjoy powerful drag & drop','127.0.0.1','Anonymous','8.1','2015-03-23 21:56:16','C04911C0B3EE11E4B736F5F74BE2BA3D','602E7670D16411E4B181BDAC6DCE62D6'),('Test comment','10.0.1.1','VinceZK','1','2015-08-04 23:13:36','9C212A0085ED11E487DF61A235EE544C','613B26B13ABB11E59FAC77B696D1304F'),('Test comment','10.0.1.1','VinceZK','2','2015-03-23 21:13:21','9C212A0085ED11E487DF61A235EE544C','61672C40D15E11E4A4D497C5BA126531'),('Test comment','10.0.1.1','VinceZK','2','2015-03-20 22:07:06','9C212A0085ED11E487DF61A235EE544C','6420A0C0CF0A11E4A2FAB353707BEB91'),('Comment Test','10.0.1.1','VinceZK','3.1','2014-11-22 14:27:08','9C212A0085ED11E487DF61A235EE544C','67946B50CF7911E482CA674623ED2E5F'),('Test comment','10.0.1.1','VinceZK','1','2015-03-18 22:09:34','9C212A0085ED11E487DF61A235EE544C','67CD12A0CD7811E4805E49081EB621EC'),('Test comment','10.0.1.1','VinceZK','2','2015-03-23 21:13:36','9C212A0085ED11E487DF61A235EE544C','69DD4F80D15E11E4B5B3DD5C60BE0DF5'),(NULL,'127.0.0.1','Anonymous','6','2015-03-23 21:49:30','C04911C0B3EE11E4B736F5F74BE2BA3D','6E120640D16311E49801A3A4AE734C90'),('Test comment','10.0.1.1','VinceZK','1','2015-03-18 22:09:47','9C212A0085ED11E487DF61A235EE544C','6F4044D1CD7811E493A889C794979374'),('Test comment','10.0.1.1','VinceZK','2','2015-03-20 22:07:28','9C212A0085ED11E487DF61A235EE544C','717EDE80CF0A11E4B8D937927984CF5D'),('ateaadf','127.0.0.1','Anonymous','7','2015-03-23 22:11:07','C04911C0B3EE11E4B736F5F74BE2BA3D','72DEA220D16611E4B181BDAC6DCE62D6'),('Test','127.0.0.1','Anonymous','10','2015-03-23 21:28:11','C04911C0B3EE11E4B736F5F74BE2BA3D','73E2DA70D16011E499F55B784C97896C'),('Test comment','10.0.1.1','VinceZK','1','2015-03-19 21:18:41','9C212A0085ED11E487DF61A235EE544C','76307631CE3A11E49498D14B51EF6258'),('Test comment','10.0.1.1','VinceZK','1','2015-03-19 21:25:54','9C212A0085ED11E487DF61A235EE544C','782FFA41CE3B11E4A4721101377D40E1'),('争论到底是决策支持系统、商业智能、 商业分析（Business Analytics','127.0.0.1','Anonymous','7','2015-03-23 22:11:23','C04911C0B3EE11E4B736F5F74BE2BA3D','7CCFCCA0D16611E4B181BDAC6DCE62D6'),('OL Test','127.0.0.1','Anonymous','8.0','2015-03-23 21:21:30','C04911C0B3EE11E4B736F5F74BE2BA3D','84890CB0D15F11E499F55B784C97896C'),('First Comment Test','127.0.0.1','Anonymous','1','2015-03-22 11:42:52','C04911C0B3EE11E4B736F5F74BE2BA3D','84E2E2A0D04511E4AB3C5B24B0CD5666'),(NULL,'127.0.0.1','Anonymous','6','2015-03-23 21:50:12','C04911C0B3EE11E4B736F5F74BE2BA3D','86FDB960D16311E48A7FB95DA59E6670'),('Test comment','10.0.1.1','VinceZK','1','2015-03-18 21:20:28','9C212A0085ED11E487DF61A235EE544C','8B8B53C0CD7111E4B44A1724542E32D6'),('OL Test 2','127.0.0.1','Anonymous','8.0','2015-03-23 21:21:53','C04911C0B3EE11E4B736F5F74BE2BA3D','921ED530D15F11E499F55B784C97896C'),('Test comment','10.0.1.1','VinceZK','1','2015-03-19 21:19:34','9C212A0085ED11E487DF61A235EE544C','95D72F11CE3A11E4BCB13B9DF7AD03F1'),('First Comment Test','127.0.0.1','Anonymous','1','2015-03-22 11:36:12','C04911C0B3EE11E4B736F5F74BE2BA3D','966766F0D04411E48119E580EDBEC24F'),('Test comment','10.0.1.1','VinceZK','1','2015-03-19 21:26:48','9C212A0085ED11E487DF61A235EE544C','98D3D7D1CE3B11E4A786555EC35E36B4'),('Test comment','10.0.1.1','VinceZK','1','2015-03-18 22:39:36','9C212A0085ED11E487DF61A235EE544C','99CEE770CD7C11E4AAB5E165BD0BAE95'),('到底是因为综合分析业务日志太有用了，还是因为它妨碍了记录业务日志的性能，使得OLAP能成为一个独立的概念？对于这个问题的答案也许每家企业在不同阶段都有不同的体会','127.0.0.1','Anonymous','5','2015-03-23 22:26:52','C04911C0B3EE11E4B736F5F74BE2BA3D','A6471DC0D16811E4B181BDAC6DCE62D6'),(NULL,'127.0.0.1','Anonymous','5','2015-03-23 21:43:56','C04911C0B3EE11E4B736F5F74BE2BA3D','A6B5CCD0D16211E4A1A15749592BDF30'),('Test comment','10.0.1.1','VinceZK','1','2015-03-20 23:20:41','9C212A0085ED11E487DF61A235EE544C','ABB92291CF1411E4AC8EAFEEFBDD90E7'),('Test Title 2','127.0.0.1','Anonymous','4','2015-03-23 21:15:29','C04911C0B3EE11E4B736F5F74BE2BA3D','AD35E940D15E11E4B3239F7B7DCC11F2'),('Test reference','127.0.0.1','Anonymous','16','2015-03-23 21:29:49','C04911C0B3EE11E4B736F5F74BE2BA3D','AE000520D16011E499F55B784C97896C'),('Comment Test','10.0.1.1','VinceZK','3.1','2014-11-22 14:27:08','9C212A0085ED11E487DF61A235EE544C','AF099230CF7911E482CA674623ED2E5F'),('就这点上，黑屋更认同“决策支持系统”','127.0.0.1','Anonymous','10','2015-03-29 09:12:39','C04911C0B3EE11E4B736F5F74BE2BA3D','B1461CC0D5B011E494CA61E91F024143'),(NULL,'127.0.0.1','Anonymous','5','2015-03-23 21:44:36','C04911C0B3EE11E4B736F5F74BE2BA3D','BEC306D0D16211E4A1A15749592BDF30'),('本文用了将近一半的篇幅作了论述，这也仅仅是笔者写作过程中突然的有感而发。即便是钟情代码和模型，也得有能力认清真实价值。 架构一个系统的目的毕竟还是为了解决一个实际问题。这个系列还是以讲数据模型为主，然而也不可能一一列举40年来每种可诉性信息系统概念背后的数','127.0.0.1','Anonymous','7','2015-03-23 22:13:20','C04911C0B3EE11E4B736F5F74BE2BA3D','C2285510D16611E4B181BDAC6DCE62D6'),('到底是因为综合分析业务日志太有用了，还是因为它妨碍了记录业务日志的性能，使得OLAP能成为一个独立的概念？对于这个问题的答案也许每家企业在不同阶段都有不同的体会， 但Codd认为前者似乎才是最主要的原因，而那个时候他接受了Hyperion（BI厂商，已被O','127.0.0.1','Anonymous','5','2015-03-24 19:41:54','C04911C0B3EE11E4B736F5F74BE2BA3D','C4EA4E70D21A11E4B181BDAC6DCE62D6'),('Test comment','10.0.1.1','VinceZK','1','2017-02-03 12:18:19','9C212A0085ED11E487DF61A235EE544C','CC569990E9C711E6853B917BEA847AFB'),('Test comment','10.0.1.1','VinceZK','1','2017-02-03 13:01:26','9C212A0085ED11E487DF61A235EE544C','D212E540E9CD11E686E88177B070BA5B'),('Test Title 3','127.0.0.1','Anonymous','4','2015-03-23 21:16:37','C04911C0B3EE11E4B736F5F74BE2BA3D','D5D14430D15E11E499F55B784C97896C'),('Hello laskjdflk asdfaskldjfklasdjflkasdjflkasjdflkajsdkfjasdlkfjaklsdjfklasdjfklasjdlfkjasdlkfjasldkfjlaskdjflaksdjfklajsdlfkjas','127.0.0.1','Anonymous','8.1','2015-03-23 21:52:37','C04911C0B3EE11E4B736F5F74BE2BA3D','DD7B99B0D16311E4B181BDAC6DCE62D6'),('Test comment','10.0.1.1','VinceZK','1','2015-03-19 21:14:25','9C212A0085ED11E487DF61A235EE544C','DDD9E561CE3911E48ED8AB04245CA3F9'),('Test comment','10.0.1.1','VinceZK','1','2015-08-15 23:47:01','9C212A0085ED11E487DF61A235EE544C','DF19F8C1436411E58A735FF1D7B60553'),('Test comment','10.0.1.1','VinceZK','1','2015-03-18 21:30:04','9C212A0085ED11E487DF61A235EE544C','E31B71F0CD7211E4A29B37A1A83C0FA8'),('Test Graph','127.0.0.1','Anonymous','18','2015-03-23 21:31:22','C04911C0B3EE11E4B736F5F74BE2BA3D','E5AC7DF0D16011E499F55B784C97896C'),('Hello Comment','127.0.0.1','Anonymous','9','2015-03-29 09:21:20','C04911C0B3EE11E4B736F5F74BE2BA3D','E7C7DBC0D5B111E494CA61E91F024143'),('Test comment','10.0.1.1','VinceZK','1','2015-03-18 22:41:49','9C212A0085ED11E487DF61A235EE544C','E8FF6D10CD7C11E4AE0A2D9BDEE68693'),('Test Graph 2','127.0.0.1','Anonymous','18','2015-03-23 21:31:29','C04911C0B3EE11E4B736F5F74BE2BA3D','E96F7960D16011E499F55B784C97896C'),('Test comment','10.0.1.1','VinceZK','1','2015-03-20 23:22:27','9C212A0085ED11E487DF61A235EE544C','EB454B01CF1411E4B2940144A215E381'),('更加商业化的命名给概括， 这便是“商业智能”（Business Intelligence）。以之对应，更偏向学术上对此类计算机系统的定义则是OLAP（On-Line-Analytic-Processing）','127.0.0.1','Anonymous','6','2015-03-23 22:28:52','C04911C0B3EE11E4B736F5F74BE2BA3D','EDDB1740D16811E4B181BDAC6DCE62D6'),('Test Graph 3','127.0.0.1','Anonymous','18','2015-03-23 21:31:43','C04911C0B3EE11E4B736F5F74BE2BA3D','F1C34790D16011E499F55B784C97896C'),('Test','127.0.0.1','Anonymous','11','2015-03-24 21:52:00','C04911C0B3EE11E4B736F5F74BE2BA3D','F20BA180D22C11E4B181BDAC6DCE62D6'),('Test comment','10.0.1.1','VinceZK','1','2015-03-18 21:30:29','9C212A0085ED11E487DF61A235EE544C','F21696D0CD7211E4B498ED84D2A4EBC6');
/*!40000 ALTER TABLE `r_comment` ENABLE KEYS */;
UNLOCK TABLES;

--
-- Table structure for table `r_company`
--

DROP TABLE IF EXISTS `r_company`;
/*!40101 SET @saved_cs_client     = @@character_set_client */;
/*!40101 SET character_set_client = utf8 */;
CREATE TABLE `r_company` (
  `COMPANY_ID` varchar(20) NOT NULL,
  `COMPANY_DESC` varchar(256) DEFAULT NULL,
  `INSTANCE_GUID` varchar(32) DEFAULT NULL,
  PRIMARY KEY (`COMPANY_ID`)
) ENGINE=InnoDB DEFAULT CHARSET=utf8;
/*!40101 SET character_set_client = @saved_cs_client */;

--
-- Dumping data for table `r_company`
--

LOCK TABLES `r_company` WRITE;
/*!40000 ALTER TABLE `r_company` DISABLE KEYS */;
INSERT INTO `r_company` VALUES ('darkhouse','darkhouse software',NULL);
/*!40000 ALTER TABLE `r_company` ENABLE KEYS */;
UNLOCK TABLES;

--
-- Table structure for table `r_email`
--

DROP TABLE IF EXISTS `r_email`;
/*!40101 SET @saved_cs_client     = @@character_set_client */;
/*!40101 SET character_set_client = utf8 */;
CREATE TABLE `r_email` (
  `EMAIL` varchar(128) NOT NULL COMMENT '8549B2388F8C3E6381CA15043EC4CFAE',
  `TYPE` varchar(45) DEFAULT NULL COMMENT '874DE1A0CF38C6C4B740E2B68F1E43F6',
  `PRIMARY` tinyint(1) DEFAULT NULL COMMENT '4F67CEB6E97059D2E59614734EA80D12',
  `INSTANCE_GUID` varchar(32) DEFAULT NULL,
  PRIMARY KEY (`EMAIL`)
) ENGINE=InnoDB DEFAULT CHARSET=utf8;
/*!40101 SET character_set_client = @saved_cs_client */;

--
-- Dumping data for table `r_email`
--

LOCK TABLES `r_email` WRITE;
/*!40000 ALTER TABLE `r_email` DISABLE KEYS */;
INSERT INTO `r_email` VALUES ('dh002@darkhouse.com','work',1,'430C8BB0E1C611E8877F9D5C9668A7A3'),('xxxx@hotmail.com',NULL,NULL,'2FBE7490E10F11E8A90957FA46F2CECA');
/*!40000 ALTER TABLE `r_email` ENABLE KEYS */;
UNLOCK TABLES;

--
-- Table structure for table `r_employee`
--

DROP TABLE IF EXISTS `r_employee`;
/*!40101 SET @saved_cs_client     = @@character_set_client */;
/*!40101 SET character_set_client = utf8 */;
CREATE TABLE `r_employee` (
  `USER_ID` varchar(10) NOT NULL COMMENT 'D64809E480B5958454AF5CD8C40B014F',
  `COMPANY_ID` varchar(20) DEFAULT NULL COMMENT '5EC22219F4E45746BFCDE76256FD6160',
  `DEPARTMENT_ID` varchar(20) DEFAULT NULL COMMENT '849D0D50634137D6E9F9D6F153C67627',
  `TITLE` varchar(64) DEFAULT NULL COMMENT 'E5016EE79DC1B36DAAA9027173674BB4',
  `GENDER` varchar(10) DEFAULT NULL COMMENT 'E6FF69F311DCE5E6328029FB932F20E3',
  `INSTANCE_GUID` varchar(32) DEFAULT NULL,
  PRIMARY KEY (`USER_ID`),
  KEY `REC_GUID` (`INSTANCE_GUID`)
) ENGINE=InnoDB DEFAULT CHARSET=utf8;
/*!40101 SET character_set_client = @saved_cs_client */;

--
-- Dumping data for table `r_employee`
--

LOCK TABLES `r_employee` WRITE;
/*!40000 ALTER TABLE `r_employee` DISABLE KEYS */;
INSERT INTO `r_employee` VALUES ('DH001','Darkhouse','Development','Developer','Male','2FBE7490E10F11E8A90957FA46F2CECA'),('DH002','darkhouse',NULL,NULL,NULL,'430C8BB0E1C611E8877F9D5C9668A7A3');
/*!40000 ALTER TABLE `r_employee` ENABLE KEYS */;
UNLOCK TABLES;

--
-- Table structure for table `r_mtest01`
--

DROP TABLE IF EXISTS `r_mtest01`;
/*!40101 SET @saved_cs_client     = @@character_set_client */;
/*!40101 SET character_set_client = utf8 */;
CREATE TABLE `r_mtest01` (
  `FIELD1` int(11) NOT NULL AUTO_INCREMENT COMMENT '25BC9B60F60F11E8B99C1531A821C45B',
  `FIELD2` varchar(20) DEFAULT NULL COMMENT '25BCC270F60F11E8B99C1531A821C45B',
  `INSTANCE_GUID` varchar(32) DEFAULT NULL,
  PRIMARY KEY (`FIELD1`)
) ENGINE=InnoDB AUTO_INCREMENT=3 DEFAULT CHARSET=utf8;
/*!40101 SET character_set_client = @saved_cs_client */;

--
-- Dumping data for table `r_mtest01`
--

LOCK TABLES `r_mtest01` WRITE;
/*!40000 ALTER TABLE `r_mtest01` DISABLE KEYS */;
INSERT INTO `r_mtest01` VALUES (2,'AAAA','114A5F00F6AA11E8BB091B5EA31165A2');
/*!40000 ALTER TABLE `r_mtest01` ENABLE KEYS */;
UNLOCK TABLES;

--
-- Table structure for table `r_mtest02`
--

DROP TABLE IF EXISTS `r_mtest02`;
/*!40101 SET @saved_cs_client     = @@character_set_client */;
/*!40101 SET character_set_client = utf8 */;
CREATE TABLE `r_mtest02` (
  `FIELD1` varchar(10) NOT NULL COMMENT '1E799990F61211E8B99C1531A821C45B',
  `FIELD2` date DEFAULT NULL COMMENT '1E799991F61211E8B99C1531A821C45B',
  `INSTANCE_GUID` varchar(32) DEFAULT NULL,
  PRIMARY KEY (`FIELD1`)
) ENGINE=InnoDB DEFAULT CHARSET=utf8;
/*!40101 SET character_set_client = @saved_cs_client */;

--
-- Dumping data for table `r_mtest02`
--

LOCK TABLES `r_mtest02` WRITE;
/*!40000 ALTER TABLE `r_mtest02` DISABLE KEYS */;
INSERT INTO `r_mtest02` VALUES ('AAA','2018-12-01','57750F10F6AB11E8BB091B5EA31165A2');
/*!40000 ALTER TABLE `r_mtest02` ENABLE KEYS */;
UNLOCK TABLES;

--
-- Table structure for table `r_personalization`
--

DROP TABLE IF EXISTS `r_personalization`;
/*!40101 SET @saved_cs_client     = @@character_set_client */;
/*!40101 SET character_set_client = utf8 */;
CREATE TABLE `r_personalization` (
  `USER_ID` varchar(10) NOT NULL COMMENT 'ED15E1F3DB7F1B011871CEAC628CF06C',
  `DATE_FORMAT` varchar(60) DEFAULT NULL COMMENT '37C7C8C24EBDB3A725FC7D6CF719A06E',
  `DECIMAL_FORMAT` varchar(60) DEFAULT NULL COMMENT '9718C0E8783C1F86EC212C8436A958C5',
  `TIMEZONE` varchar(10) DEFAULT NULL COMMENT '6EA9A83FA267F82EBE1B381D56A3F312',
  `LANGUAGE` varchar(6) DEFAULT NULL COMMENT 'D8CDF1E5208AF30FE47D272DA304DE71',
  `INSTANCE_GUID` varchar(32) DEFAULT NULL,
  PRIMARY KEY (`USER_ID`)
) ENGINE=InnoDB DEFAULT CHARSET=utf8;
/*!40101 SET character_set_client = @saved_cs_client */;

--
-- Dumping data for table `r_personalization`
--

LOCK TABLES `r_personalization` WRITE;
/*!40000 ALTER TABLE `r_personalization` DISABLE KEYS */;
INSERT INTO `r_personalization` VALUES ('DH001',NULL,NULL,' UTC+8','ZH','2FBE7490E10F11E8A90957FA46F2CECA');
/*!40000 ALTER TABLE `r_personalization` ENABLE KEYS */;
UNLOCK TABLES;

--
-- Table structure for table `r_role`
--

DROP TABLE IF EXISTS `r_role`;
/*!40101 SET @saved_cs_client     = @@character_set_client */;
/*!40101 SET character_set_client = utf8 */;
CREATE TABLE `r_role` (
  `NAME` varchar(64) NOT NULL COMMENT '61A8BB8A405E4C83A779928AB6A9A468',
  `DESCRIPTION` varchar(128) DEFAULT NULL COMMENT '378658E8863842AE9CA1DCB448EF6B36',
  `LONG_DESC` varchar(512) DEFAULT NULL COMMENT '2E7EA592975E45999B396B59A9E00D4E',
  `TYPE` varchar(10) DEFAULT NULL COMMENT '29480F10F67841EB82CDD06920DB4DFA',
  `CATEGORY` varchar(10) DEFAULT NULL COMMENT '0812F1F6AC5C42078E1F66DD9F6F207E',
  `INSTANCE_GUID` varchar(32) DEFAULT NULL,
  PRIMARY KEY (`NAME`),
  KEY `REC_GUID` (`INSTANCE_GUID`)
) ENGINE=InnoDB DEFAULT CHARSET=utf8;
/*!40101 SET character_set_client = @saved_cs_client */;

--
-- Dumping data for table `r_role`
--

LOCK TABLES `r_role` WRITE;
/*!40000 ALTER TABLE `r_role` DISABLE KEYS */;
INSERT INTO `r_role` VALUES ('SYSTEM_ADMIN','System Administration','System Administration: User Maintenance, DB Admin','TECH','BASIS','466E8EF0012111E985BC9505494F6FA7');
/*!40000 ALTER TABLE `r_role` ENABLE KEYS */;
UNLOCK TABLES;

--
-- Table structure for table `r_testRelation`
--

DROP TABLE IF EXISTS `r_testRelation`;
/*!40101 SET @saved_cs_client     = @@character_set_client */;
/*!40101 SET character_set_client = utf8 */;
CREATE TABLE `r_testRelation` (
  `FIELD1` int(11) NOT NULL AUTO_INCREMENT COMMENT '663D6B50ECBF11E897584F49F7BDB2B2',
  `FIELD2` varchar(40) DEFAULT NULL COMMENT '663D6B51ECBF11E897584F49F7BDB2B2',
  `INSTANCE_GUID` varchar(32) DEFAULT NULL,
  PRIMARY KEY (`FIELD1`)
) ENGINE=InnoDB DEFAULT CHARSET=utf8;
/*!40101 SET character_set_client = @saved_cs_client */;

--
-- Dumping data for table `r_testRelation`
--

LOCK TABLES `r_testRelation` WRITE;
/*!40000 ALTER TABLE `r_testRelation` DISABLE KEYS */;
/*!40000 ALTER TABLE `r_testRelation` ENABLE KEYS */;
UNLOCK TABLES;

--
-- Table structure for table `r_user`
--

DROP TABLE IF EXISTS `r_user`;
/*!40101 SET @saved_cs_client     = @@character_set_client */;
/*!40101 SET character_set_client = utf8 */;
CREATE TABLE `r_user` (
  `USER_ID` varchar(10) NOT NULL COMMENT 'D84D9A544984A20BCF0BAD59977277E8',
  `USER_NAME` varchar(64) DEFAULT NULL COMMENT '793A63D8DEA43B5BF88EE7BAF02757C4',
  `PASSWORD` varchar(64) DEFAULT NULL COMMENT '82FE8C179A3D832C12AD332044558575',
  `PWD_STATE` int(11) DEFAULT NULL COMMENT '50B8AD3E3460A8AD3A881490CAE1935D',
  `LOCK` int(11) DEFAULT NULL COMMENT '9AB0CF119EF2D8CEBBBFA0320CACADD6',
  `DISPLAY_NAME` varchar(128) DEFAULT NULL COMMENT 'DB3D668D338E076626061456992F60DB',
  `FAMILY_NAME` varchar(64) DEFAULT NULL COMMENT 'E0392472ABB6DB7FDB5FFC92B5DC7A29',
  `GIVEN_NAME` varchar(64) DEFAULT NULL COMMENT '02C2EE9D3CA229EAD8919007CC3858C',
  `MIDDLE_NAME` varchar(64) DEFAULT NULL COMMENT '90D418F172B221C71D62598C119E97D5',
  `INSTANCE_GUID` varchar(32) DEFAULT NULL,
  PRIMARY KEY (`USER_ID`),
  KEY `REC_GUID` (`INSTANCE_GUID`)
) ENGINE=InnoDB DEFAULT CHARSET=utf8;
/*!40101 SET character_set_client = @saved_cs_client */;

--
-- Dumping data for table `r_user`
--

LOCK TABLES `r_user` WRITE;
/*!40000 ALTER TABLE `r_user` DISABLE KEYS */;
INSERT INTO `r_user` VALUES ('DH001','VINCEZK',NULL,NULL,NULL,'Vincent Zhang','Zhang','Vincent',NULL,'2FBE7490E10F11E8A90957FA46F2CECA'),('DH002','Eleven',NULL,NULL,NULL,'Seven Eleven','Seven','Eleven',NULL,'430C8BB0E1C611E8877F9D5C9668A7A3');
/*!40000 ALTER TABLE `r_user` ENABLE KEYS */;
UNLOCK TABLES;

--
-- Table structure for table `rs_marriage`
--

DROP TABLE IF EXISTS `rs_marriage`;
/*!40101 SET @saved_cs_client     = @@character_set_client */;
/*!40101 SET character_set_client = utf8 */;
CREATE TABLE `rs_marriage` (
  `INSTANCE_GUID` varchar(32) NOT NULL,
  PRIMARY KEY (`INSTANCE_GUID`)
) ENGINE=InnoDB DEFAULT CHARSET=utf8;
/*!40101 SET character_set_client = @saved_cs_client */;

--
-- Dumping data for table `rs_marriage`
--

LOCK TABLES `rs_marriage` WRITE;
/*!40000 ALTER TABLE `rs_marriage` DISABLE KEYS */;
INSERT INTO `rs_marriage` VALUES ('30028272E10F11E8A90957FA46F2CECA'),('430CB2C0E1C611E8877F9D5C9668A7A3');
/*!40000 ALTER TABLE `rs_marriage` ENABLE KEYS */;
UNLOCK TABLES;

--
-- Table structure for table `rs_mtest01`
--

DROP TABLE IF EXISTS `rs_mtest01`;
/*!40101 SET @saved_cs_client     = @@character_set_client */;
/*!40101 SET character_set_client = utf8 */;
CREATE TABLE `rs_mtest01` (
  `INSTANCE_GUID` varchar(32) NOT NULL,
  `FIELD1` varchar(40) DEFAULT NULL COMMENT 'EA704B40F62911E8AF01C9C3ADAFA497',
  PRIMARY KEY (`INSTANCE_GUID`)
) ENGINE=InnoDB DEFAULT CHARSET=utf8;
/*!40101 SET character_set_client = @saved_cs_client */;

--
-- Dumping data for table `rs_mtest01`
--

LOCK TABLES `rs_mtest01` WRITE;
/*!40000 ALTER TABLE `rs_mtest01` DISABLE KEYS */;
INSERT INTO `rs_mtest01` VALUES ('57753620F6AB11E8BB091B5EA31165A2','DDDD');
/*!40000 ALTER TABLE `rs_mtest01` ENABLE KEYS */;
UNLOCK TABLES;

--
-- Table structure for table `rs_user_role`
--

DROP TABLE IF EXISTS `rs_user_role`;
/*!40101 SET @saved_cs_client     = @@character_set_client */;
/*!40101 SET character_set_client = utf8 */;
CREATE TABLE `rs_user_role` (
  `INSTANCE_GUID` varchar(32) NOT NULL,
  `SYNCED` tinyint(1) DEFAULT NULL,
  PRIMARY KEY (`INSTANCE_GUID`)
) ENGINE=InnoDB DEFAULT CHARSET=utf8;
/*!40101 SET character_set_client = @saved_cs_client */;

--
-- Dumping data for table `rs_user_role`
--

LOCK TABLES `rs_user_role` WRITE;
/*!40000 ALTER TABLE `rs_user_role` DISABLE KEYS */;
INSERT INTO `rs_user_role` VALUES ('2FBF8600E10F11E8A90957FA46F2CECA',1),('2FD298D0E10F11E8A90957FA46F2CECA',1),('30028270E10F11E8A90957FA46F2CECA',1);
/*!40000 ALTER TABLE `rs_user_role` ENABLE KEYS */;
UNLOCK TABLES;

--
-- Table structure for table `system_role`
--

DROP TABLE IF EXISTS `system_role`;
/*!40101 SET @saved_cs_client     = @@character_set_client */;
/*!40101 SET character_set_client = utf8 */;
CREATE TABLE `system_role` (
  `INSTANCE_GUID` varchar(32) NOT NULL,
  PRIMARY KEY (`INSTANCE_GUID`)
) ENGINE=InnoDB DEFAULT CHARSET=utf8;
/*!40101 SET character_set_client = @saved_cs_client */;

--
-- Dumping data for table `system_role`
--

LOCK TABLES `system_role` WRITE;
/*!40000 ALTER TABLE `system_role` DISABLE KEYS */;
INSERT INTO `system_role` VALUES ('466E8EF0012111E985BC9505494F6FA7');
/*!40000 ALTER TABLE `system_role` ENABLE KEYS */;
UNLOCK TABLES;

--
-- Table structure for table `test_tab`
--

DROP TABLE IF EXISTS `test_tab`;
/*!40101 SET @saved_cs_client     = @@character_set_client */;
/*!40101 SET character_set_client = utf8 */;
CREATE TABLE `test_tab` (
  `FIELD1` int(11) NOT NULL COMMENT 'sadfasdfasd',
  `FIELD2` varchar(50) NOT NULL,
  `FIELD3` tinyint(1) DEFAULT NULL,
  `FIELD4` decimal(23,2) DEFAULT NULL,
  `FIELD5` varchar(100) DEFAULT NULL COMMENT 'adsfadf',
  `FIELD6` blob,
  `FIELD7` date DEFAULT NULL,
  `FIELD8` datetime DEFAULT NULL,
  PRIMARY KEY (`FIELD1`,`FIELD2`)
) ENGINE=InnoDB DEFAULT CHARSET=utf8;
/*!40101 SET character_set_client = @saved_cs_client */;

--
-- Dumping data for table `test_tab`
--

LOCK TABLES `test_tab` WRITE;
/*!40000 ALTER TABLE `test_tab` DISABLE KEYS */;
/*!40000 ALTER TABLE `test_tab` ENABLE KEYS */;
UNLOCK TABLES;
/*!40103 SET TIME_ZONE=@OLD_TIME_ZONE */;

/*!40101 SET SQL_MODE=@OLD_SQL_MODE */;
/*!40014 SET FOREIGN_KEY_CHECKS=@OLD_FOREIGN_KEY_CHECKS */;
/*!40014 SET UNIQUE_CHECKS=@OLD_UNIQUE_CHECKS */;
/*!40101 SET CHARACTER_SET_CLIENT=@OLD_CHARACTER_SET_CLIENT */;
/*!40101 SET CHARACTER_SET_RESULTS=@OLD_CHARACTER_SET_RESULTS */;
/*!40101 SET COLLATION_CONNECTION=@OLD_COLLATION_CONNECTION */;
/*!40111 SET SQL_NOTES=@OLD_SQL_NOTES */;

-- Dump completed on 2018-12-16 20:26:37
